artist,track,datetime,artist_x,artist_y,track_alt,album,release_date,genres,length,popularity,danceability,energy,key,loudness,mode,speechiness,acousticness,instrumentalness,liveness,valence,tempo,time_signature
The Postal Service,Such Great Heights,3/4/2020 10:27,Ben Folds,Various Artists,Such Great Heights,triple j Like A Version,9/29/2017,[],242343,37,0.534,0.907,5,-7.687,1,0.087,0.0116,0.0482,0.0567,0.791,176.867,4
Ben Folds,Such Great Heights,1/7/2019 10:40,The Postal Service,Various Artists,Such Great Heights,triple j Like A Version,9/29/2017,[],242343,37,0.534,0.907,5,-7.687,1,0.087,0.0116,0.0482,0.0567,0.791,176.867,4
Vince Staples,Home,1/22/2020 18:12,Try Not To Cry,Various Artists,Home,Spider-Man: Into the Spider-Verse (Soundtrack From & Inspired by the Motion Picture),12/14/2018,[],211360,64,0.604,0.736,10,-5.596,0,0.0555,0.00608,0.109,0.11,0.345,118.012,4
Vince Staples,Home,1/22/2020 18:12,Filtercopy,Various Artists,Home,Spider-Man: Into the Spider-Verse (Soundtrack From & Inspired by the Motion Picture),12/14/2018,[],211360,64,0.604,0.736,10,-5.596,0,0.0555,0.00608,0.109,0.11,0.345,118.012,4
Vince Staples,Home,1/22/2020 18:12,Blackmill,Various Artists,Home,Spider-Man: Into the Spider-Verse (Soundtrack From & Inspired by the Motion Picture),12/14/2018,[],211360,64,0.604,0.736,10,-5.596,0,0.0555,0.00608,0.109,0.11,0.345,118.012,4
Vince Staples,Home,10/2/2019 22:01,Try Not To Cry,Various Artists,Home,Spider-Man: Into the Spider-Verse (Soundtrack From & Inspired by the Motion Picture),12/14/2018,[],211360,64,0.604,0.736,10,-5.596,0,0.0555,0.00608,0.109,0.11,0.345,118.012,4
Vince Staples,Home,10/2/2019 22:01,Filtercopy,Various Artists,Home,Spider-Man: Into the Spider-Verse (Soundtrack From & Inspired by the Motion Picture),12/14/2018,[],211360,64,0.604,0.736,10,-5.596,0,0.0555,0.00608,0.109,0.11,0.345,118.012,4
Vince Staples,Home,10/2/2019 22:01,Blackmill,Various Artists,Home,Spider-Man: Into the Spider-Verse (Soundtrack From & Inspired by the Motion Picture),12/14/2018,[],211360,64,0.604,0.736,10,-5.596,0,0.0555,0.00608,0.109,0.11,0.345,118.012,4
Vince Staples,Home,9/28/2019 23:57,Try Not To Cry,Various Artists,Home,Spider-Man: Into the Spider-Verse (Soundtrack From & Inspired by the Motion Picture),12/14/2018,[],211360,64,0.604,0.736,10,-5.596,0,0.0555,0.00608,0.109,0.11,0.345,118.012,4
Vince Staples,Home,9/28/2019 23:57,Filtercopy,Various Artists,Home,Spider-Man: Into the Spider-Verse (Soundtrack From & Inspired by the Motion Picture),12/14/2018,[],211360,64,0.604,0.736,10,-5.596,0,0.0555,0.00608,0.109,0.11,0.345,118.012,4
Vince Staples,Home,9/28/2019 23:57,Blackmill,Various Artists,Home,Spider-Man: Into the Spider-Verse (Soundtrack From & Inspired by the Motion Picture),12/14/2018,[],211360,64,0.604,0.736,10,-5.596,0,0.0555,0.00608,0.109,0.11,0.345,118.012,4
Vince Staples,Home,8/21/2019 23:17,Try Not To Cry,Various Artists,Home,Spider-Man: Into the Spider-Verse (Soundtrack From & Inspired by the Motion Picture),12/14/2018,[],211360,64,0.604,0.736,10,-5.596,0,0.0555,0.00608,0.109,0.11,0.345,118.012,4
Vince Staples,Home,8/21/2019 23:17,Filtercopy,Various Artists,Home,Spider-Man: Into the Spider-Verse (Soundtrack From & Inspired by the Motion Picture),12/14/2018,[],211360,64,0.604,0.736,10,-5.596,0,0.0555,0.00608,0.109,0.11,0.345,118.012,4
Vince Staples,Home,8/21/2019 23:17,Blackmill,Various Artists,Home,Spider-Man: Into the Spider-Verse (Soundtrack From & Inspired by the Motion Picture),12/14/2018,[],211360,64,0.604,0.736,10,-5.596,0,0.0555,0.00608,0.109,0.11,0.345,118.012,4
Vince Staples,Home,8/11/2019 19:56,Try Not To Cry,Various Artists,Home,Spider-Man: Into the Spider-Verse (Soundtrack From & Inspired by the Motion Picture),12/14/2018,[],211360,64,0.604,0.736,10,-5.596,0,0.0555,0.00608,0.109,0.11,0.345,118.012,4
Vince Staples,Home,8/11/2019 19:56,Filtercopy,Various Artists,Home,Spider-Man: Into the Spider-Verse (Soundtrack From & Inspired by the Motion Picture),12/14/2018,[],211360,64,0.604,0.736,10,-5.596,0,0.0555,0.00608,0.109,0.11,0.345,118.012,4
Vince Staples,Home,8/11/2019 19:56,Blackmill,Various Artists,Home,Spider-Man: Into the Spider-Verse (Soundtrack From & Inspired by the Motion Picture),12/14/2018,[],211360,64,0.604,0.736,10,-5.596,0,0.0555,0.00608,0.109,0.11,0.345,118.012,4
Vince Staples,Home,4/8/2019 8:48,Try Not To Cry,Various Artists,Home,Spider-Man: Into the Spider-Verse (Soundtrack From & Inspired by the Motion Picture),12/14/2018,[],211360,64,0.604,0.736,10,-5.596,0,0.0555,0.00608,0.109,0.11,0.345,118.012,4
Vince Staples,Home,4/8/2019 8:48,Filtercopy,Various Artists,Home,Spider-Man: Into the Spider-Verse (Soundtrack From & Inspired by the Motion Picture),12/14/2018,[],211360,64,0.604,0.736,10,-5.596,0,0.0555,0.00608,0.109,0.11,0.345,118.012,4
Vince Staples,Home,4/8/2019 8:48,Blackmill,Various Artists,Home,Spider-Man: Into the Spider-Verse (Soundtrack From & Inspired by the Motion Picture),12/14/2018,[],211360,64,0.604,0.736,10,-5.596,0,0.0555,0.00608,0.109,0.11,0.345,118.012,4
Vince Staples,Home,3/4/2019 18:33,Try Not To Cry,Various Artists,Home,Spider-Man: Into the Spider-Verse (Soundtrack From & Inspired by the Motion Picture),12/14/2018,[],211360,64,0.604,0.736,10,-5.596,0,0.0555,0.00608,0.109,0.11,0.345,118.012,4
Vince Staples,Home,3/4/2019 18:33,Filtercopy,Various Artists,Home,Spider-Man: Into the Spider-Verse (Soundtrack From & Inspired by the Motion Picture),12/14/2018,[],211360,64,0.604,0.736,10,-5.596,0,0.0555,0.00608,0.109,0.11,0.345,118.012,4
Vince Staples,Home,3/4/2019 18:33,Blackmill,Various Artists,Home,Spider-Man: Into the Spider-Verse (Soundtrack From & Inspired by the Motion Picture),12/14/2018,[],211360,64,0.604,0.736,10,-5.596,0,0.0555,0.00608,0.109,0.11,0.345,118.012,4
Vince Staples,Home,2/14/2019 18:00,Try Not To Cry,Various Artists,Home,Spider-Man: Into the Spider-Verse (Soundtrack From & Inspired by the Motion Picture),12/14/2018,[],211360,64,0.604,0.736,10,-5.596,0,0.0555,0.00608,0.109,0.11,0.345,118.012,4
Vince Staples,Home,2/14/2019 18:00,Filtercopy,Various Artists,Home,Spider-Man: Into the Spider-Verse (Soundtrack From & Inspired by the Motion Picture),12/14/2018,[],211360,64,0.604,0.736,10,-5.596,0,0.0555,0.00608,0.109,0.11,0.345,118.012,4
Vince Staples,Home,2/14/2019 18:00,Blackmill,Various Artists,Home,Spider-Man: Into the Spider-Verse (Soundtrack From & Inspired by the Motion Picture),12/14/2018,[],211360,64,0.604,0.736,10,-5.596,0,0.0555,0.00608,0.109,0.11,0.345,118.012,4
Vince Staples,Home,2/7/2019 9:19,Try Not To Cry,Various Artists,Home,Spider-Man: Into the Spider-Verse (Soundtrack From & Inspired by the Motion Picture),12/14/2018,[],211360,64,0.604,0.736,10,-5.596,0,0.0555,0.00608,0.109,0.11,0.345,118.012,4
Vince Staples,Home,2/7/2019 9:19,Filtercopy,Various Artists,Home,Spider-Man: Into the Spider-Verse (Soundtrack From & Inspired by the Motion Picture),12/14/2018,[],211360,64,0.604,0.736,10,-5.596,0,0.0555,0.00608,0.109,0.11,0.345,118.012,4
Vince Staples,Home,2/7/2019 9:19,Blackmill,Various Artists,Home,Spider-Man: Into the Spider-Verse (Soundtrack From & Inspired by the Motion Picture),12/14/2018,[],211360,64,0.604,0.736,10,-5.596,0,0.0555,0.00608,0.109,0.11,0.345,118.012,4
Vince Staples,Home,2/7/2019 9:16,Try Not To Cry,Various Artists,Home,Spider-Man: Into the Spider-Verse (Soundtrack From & Inspired by the Motion Picture),12/14/2018,[],211360,64,0.604,0.736,10,-5.596,0,0.0555,0.00608,0.109,0.11,0.345,118.012,4
Vince Staples,Home,2/7/2019 9:16,Filtercopy,Various Artists,Home,Spider-Man: Into the Spider-Verse (Soundtrack From & Inspired by the Motion Picture),12/14/2018,[],211360,64,0.604,0.736,10,-5.596,0,0.0555,0.00608,0.109,0.11,0.345,118.012,4
Vince Staples,Home,2/7/2019 9:16,Blackmill,Various Artists,Home,Spider-Man: Into the Spider-Verse (Soundtrack From & Inspired by the Motion Picture),12/14/2018,[],211360,64,0.604,0.736,10,-5.596,0,0.0555,0.00608,0.109,0.11,0.345,118.012,4
Vince Staples,Home,2/7/2019 8:58,Try Not To Cry,Various Artists,Home,Spider-Man: Into the Spider-Verse (Soundtrack From & Inspired by the Motion Picture),12/14/2018,[],211360,64,0.604,0.736,10,-5.596,0,0.0555,0.00608,0.109,0.11,0.345,118.012,4
Vince Staples,Home,2/7/2019 8:58,Filtercopy,Various Artists,Home,Spider-Man: Into the Spider-Verse (Soundtrack From & Inspired by the Motion Picture),12/14/2018,[],211360,64,0.604,0.736,10,-5.596,0,0.0555,0.00608,0.109,0.11,0.345,118.012,4
Vince Staples,Home,2/7/2019 8:58,Blackmill,Various Artists,Home,Spider-Man: Into the Spider-Verse (Soundtrack From & Inspired by the Motion Picture),12/14/2018,[],211360,64,0.604,0.736,10,-5.596,0,0.0555,0.00608,0.109,0.11,0.345,118.012,4
Vince Staples,Home,2/7/2019 8:53,Try Not To Cry,Various Artists,Home,Spider-Man: Into the Spider-Verse (Soundtrack From & Inspired by the Motion Picture),12/14/2018,[],211360,64,0.604,0.736,10,-5.596,0,0.0555,0.00608,0.109,0.11,0.345,118.012,4
Vince Staples,Home,2/7/2019 8:53,Filtercopy,Various Artists,Home,Spider-Man: Into the Spider-Verse (Soundtrack From & Inspired by the Motion Picture),12/14/2018,[],211360,64,0.604,0.736,10,-5.596,0,0.0555,0.00608,0.109,0.11,0.345,118.012,4
Vince Staples,Home,2/7/2019 8:53,Blackmill,Various Artists,Home,Spider-Man: Into the Spider-Verse (Soundtrack From & Inspired by the Motion Picture),12/14/2018,[],211360,64,0.604,0.736,10,-5.596,0,0.0555,0.00608,0.109,0.11,0.345,118.012,4
Vince Staples,Home,2/6/2019 12:59,Try Not To Cry,Various Artists,Home,Spider-Man: Into the Spider-Verse (Soundtrack From & Inspired by the Motion Picture),12/14/2018,[],211360,64,0.604,0.736,10,-5.596,0,0.0555,0.00608,0.109,0.11,0.345,118.012,4
Vince Staples,Home,2/6/2019 12:59,Filtercopy,Various Artists,Home,Spider-Man: Into the Spider-Verse (Soundtrack From & Inspired by the Motion Picture),12/14/2018,[],211360,64,0.604,0.736,10,-5.596,0,0.0555,0.00608,0.109,0.11,0.345,118.012,4
Vince Staples,Home,2/6/2019 12:59,Blackmill,Various Artists,Home,Spider-Man: Into the Spider-Verse (Soundtrack From & Inspired by the Motion Picture),12/14/2018,[],211360,64,0.604,0.736,10,-5.596,0,0.0555,0.00608,0.109,0.11,0.345,118.012,4
Try Not To Cry,Home,11/5/2018 18:08,Vince Staples,Various Artists,Home,Spider-Man: Into the Spider-Verse (Soundtrack From & Inspired by the Motion Picture),12/14/2018,[],211360,64,0.604,0.736,10,-5.596,0,0.0555,0.00608,0.109,0.11,0.345,118.012,4
Try Not To Cry,Home,11/5/2018 18:08,Filtercopy,Various Artists,Home,Spider-Man: Into the Spider-Verse (Soundtrack From & Inspired by the Motion Picture),12/14/2018,[],211360,64,0.604,0.736,10,-5.596,0,0.0555,0.00608,0.109,0.11,0.345,118.012,4
Try Not To Cry,Home,11/5/2018 18:08,Blackmill,Various Artists,Home,Spider-Man: Into the Spider-Verse (Soundtrack From & Inspired by the Motion Picture),12/14/2018,[],211360,64,0.604,0.736,10,-5.596,0,0.0555,0.00608,0.109,0.11,0.345,118.012,4
Filtercopy,Home,11/2/2018 23:25,Vince Staples,Various Artists,Home,Spider-Man: Into the Spider-Verse (Soundtrack From & Inspired by the Motion Picture),12/14/2018,[],211360,64,0.604,0.736,10,-5.596,0,0.0555,0.00608,0.109,0.11,0.345,118.012,4
Filtercopy,Home,11/2/2018 23:25,Try Not To Cry,Various Artists,Home,Spider-Man: Into the Spider-Verse (Soundtrack From & Inspired by the Motion Picture),12/14/2018,[],211360,64,0.604,0.736,10,-5.596,0,0.0555,0.00608,0.109,0.11,0.345,118.012,4
Filtercopy,Home,11/2/2018 23:25,Blackmill,Various Artists,Home,Spider-Man: Into the Spider-Verse (Soundtrack From & Inspired by the Motion Picture),12/14/2018,[],211360,64,0.604,0.736,10,-5.596,0,0.0555,0.00608,0.109,0.11,0.345,118.012,4
Blackmill,Home,11/20/2016 10:40,Vince Staples,Various Artists,Home,Spider-Man: Into the Spider-Verse (Soundtrack From & Inspired by the Motion Picture),12/14/2018,[],211360,64,0.604,0.736,10,-5.596,0,0.0555,0.00608,0.109,0.11,0.345,118.012,4
Blackmill,Home,11/20/2016 10:40,Try Not To Cry,Various Artists,Home,Spider-Man: Into the Spider-Verse (Soundtrack From & Inspired by the Motion Picture),12/14/2018,[],211360,64,0.604,0.736,10,-5.596,0,0.0555,0.00608,0.109,0.11,0.345,118.012,4
Blackmill,Home,11/20/2016 10:40,Filtercopy,Various Artists,Home,Spider-Man: Into the Spider-Verse (Soundtrack From & Inspired by the Motion Picture),12/14/2018,[],211360,64,0.604,0.736,10,-5.596,0,0.0555,0.00608,0.109,0.11,0.345,118.012,4
Jason Mraz,I'm Yours,12/31/2019 21:21,The Script,The King's Singers,I’m Yours,The Best of The King's Singers,9/24/2012,"['a cappella', 'british choir', 'cambridge choir', 'choral', 'polyphony', 'vocal ensemble']",219053,40,0.549,0.107,0,-16.147,1,0.0844,0.957,0,0.111,0.307,74.63,4
Jason Mraz,I'm Yours,12/31/2019 21:21,Vitamin String Quartet,The King's Singers,I’m Yours,The Best of The King's Singers,9/24/2012,"['a cappella', 'british choir', 'cambridge choir', 'choral', 'polyphony', 'vocal ensemble']",219053,40,0.549,0.107,0,-16.147,1,0.0844,0.957,0,0.111,0.307,74.63,4
Jason Mraz,I'm Yours,10/2/2019 22:45,The Script,The King's Singers,I’m Yours,The Best of The King's Singers,9/24/2012,"['a cappella', 'british choir', 'cambridge choir', 'choral', 'polyphony', 'vocal ensemble']",219053,40,0.549,0.107,0,-16.147,1,0.0844,0.957,0,0.111,0.307,74.63,4
Jason Mraz,I'm Yours,10/2/2019 22:45,Vitamin String Quartet,The King's Singers,I’m Yours,The Best of The King's Singers,9/24/2012,"['a cappella', 'british choir', 'cambridge choir', 'choral', 'polyphony', 'vocal ensemble']",219053,40,0.549,0.107,0,-16.147,1,0.0844,0.957,0,0.111,0.307,74.63,4
Jason Mraz,I'm Yours,8/21/2019 23:39,The Script,The King's Singers,I’m Yours,The Best of The King's Singers,9/24/2012,"['a cappella', 'british choir', 'cambridge choir', 'choral', 'polyphony', 'vocal ensemble']",219053,40,0.549,0.107,0,-16.147,1,0.0844,0.957,0,0.111,0.307,74.63,4
Jason Mraz,I'm Yours,8/21/2019 23:39,Vitamin String Quartet,The King's Singers,I’m Yours,The Best of The King's Singers,9/24/2012,"['a cappella', 'british choir', 'cambridge choir', 'choral', 'polyphony', 'vocal ensemble']",219053,40,0.549,0.107,0,-16.147,1,0.0844,0.957,0,0.111,0.307,74.63,4
Jason Mraz,I'm Yours,8/11/2019 20:14,The Script,The King's Singers,I’m Yours,The Best of The King's Singers,9/24/2012,"['a cappella', 'british choir', 'cambridge choir', 'choral', 'polyphony', 'vocal ensemble']",219053,40,0.549,0.107,0,-16.147,1,0.0844,0.957,0,0.111,0.307,74.63,4
Jason Mraz,I'm Yours,8/11/2019 20:14,Vitamin String Quartet,The King's Singers,I’m Yours,The Best of The King's Singers,9/24/2012,"['a cappella', 'british choir', 'cambridge choir', 'choral', 'polyphony', 'vocal ensemble']",219053,40,0.549,0.107,0,-16.147,1,0.0844,0.957,0,0.111,0.307,74.63,4
Jason Mraz,I'm Yours,6/21/2019 20:42,The Script,The King's Singers,I’m Yours,The Best of The King's Singers,9/24/2012,"['a cappella', 'british choir', 'cambridge choir', 'choral', 'polyphony', 'vocal ensemble']",219053,40,0.549,0.107,0,-16.147,1,0.0844,0.957,0,0.111,0.307,74.63,4
Jason Mraz,I'm Yours,6/21/2019 20:42,Vitamin String Quartet,The King's Singers,I’m Yours,The Best of The King's Singers,9/24/2012,"['a cappella', 'british choir', 'cambridge choir', 'choral', 'polyphony', 'vocal ensemble']",219053,40,0.549,0.107,0,-16.147,1,0.0844,0.957,0,0.111,0.307,74.63,4
Jason Mraz,I'm Yours,6/4/2019 18:59,The Script,The King's Singers,I’m Yours,The Best of The King's Singers,9/24/2012,"['a cappella', 'british choir', 'cambridge choir', 'choral', 'polyphony', 'vocal ensemble']",219053,40,0.549,0.107,0,-16.147,1,0.0844,0.957,0,0.111,0.307,74.63,4
Jason Mraz,I'm Yours,6/4/2019 18:59,Vitamin String Quartet,The King's Singers,I’m Yours,The Best of The King's Singers,9/24/2012,"['a cappella', 'british choir', 'cambridge choir', 'choral', 'polyphony', 'vocal ensemble']",219053,40,0.549,0.107,0,-16.147,1,0.0844,0.957,0,0.111,0.307,74.63,4
Jason Mraz,I'm Yours,2/27/2019 18:03,The Script,The King's Singers,I’m Yours,The Best of The King's Singers,9/24/2012,"['a cappella', 'british choir', 'cambridge choir', 'choral', 'polyphony', 'vocal ensemble']",219053,40,0.549,0.107,0,-16.147,1,0.0844,0.957,0,0.111,0.307,74.63,4
Jason Mraz,I'm Yours,2/27/2019 18:03,Vitamin String Quartet,The King's Singers,I’m Yours,The Best of The King's Singers,9/24/2012,"['a cappella', 'british choir', 'cambridge choir', 'choral', 'polyphony', 'vocal ensemble']",219053,40,0.549,0.107,0,-16.147,1,0.0844,0.957,0,0.111,0.307,74.63,4
Jason Mraz,I'm Yours,2/21/2019 21:06,The Script,The King's Singers,I’m Yours,The Best of The King's Singers,9/24/2012,"['a cappella', 'british choir', 'cambridge choir', 'choral', 'polyphony', 'vocal ensemble']",219053,40,0.549,0.107,0,-16.147,1,0.0844,0.957,0,0.111,0.307,74.63,4
Jason Mraz,I'm Yours,2/21/2019 21:06,Vitamin String Quartet,The King's Singers,I’m Yours,The Best of The King's Singers,9/24/2012,"['a cappella', 'british choir', 'cambridge choir', 'choral', 'polyphony', 'vocal ensemble']",219053,40,0.549,0.107,0,-16.147,1,0.0844,0.957,0,0.111,0.307,74.63,4
Jason Mraz,I'm Yours,2/15/2019 11:36,The Script,The King's Singers,I’m Yours,The Best of The King's Singers,9/24/2012,"['a cappella', 'british choir', 'cambridge choir', 'choral', 'polyphony', 'vocal ensemble']",219053,40,0.549,0.107,0,-16.147,1,0.0844,0.957,0,0.111,0.307,74.63,4
Jason Mraz,I'm Yours,2/15/2019 11:36,Vitamin String Quartet,The King's Singers,I’m Yours,The Best of The King's Singers,9/24/2012,"['a cappella', 'british choir', 'cambridge choir', 'choral', 'polyphony', 'vocal ensemble']",219053,40,0.549,0.107,0,-16.147,1,0.0844,0.957,0,0.111,0.307,74.63,4
Jason Mraz,I'm Yours,2/12/2019 8:12,The Script,The King's Singers,I’m Yours,The Best of The King's Singers,9/24/2012,"['a cappella', 'british choir', 'cambridge choir', 'choral', 'polyphony', 'vocal ensemble']",219053,40,0.549,0.107,0,-16.147,1,0.0844,0.957,0,0.111,0.307,74.63,4
Jason Mraz,I'm Yours,2/12/2019 8:12,Vitamin String Quartet,The King's Singers,I’m Yours,The Best of The King's Singers,9/24/2012,"['a cappella', 'british choir', 'cambridge choir', 'choral', 'polyphony', 'vocal ensemble']",219053,40,0.549,0.107,0,-16.147,1,0.0844,0.957,0,0.111,0.307,74.63,4
Jason Mraz,I'm Yours,2/10/2019 15:15,The Script,The King's Singers,I’m Yours,The Best of The King's Singers,9/24/2012,"['a cappella', 'british choir', 'cambridge choir', 'choral', 'polyphony', 'vocal ensemble']",219053,40,0.549,0.107,0,-16.147,1,0.0844,0.957,0,0.111,0.307,74.63,4
Jason Mraz,I'm Yours,2/10/2019 15:15,Vitamin String Quartet,The King's Singers,I’m Yours,The Best of The King's Singers,9/24/2012,"['a cappella', 'british choir', 'cambridge choir', 'choral', 'polyphony', 'vocal ensemble']",219053,40,0.549,0.107,0,-16.147,1,0.0844,0.957,0,0.111,0.307,74.63,4
Jason Mraz,I'm Yours,2/10/2019 15:11,The Script,The King's Singers,I’m Yours,The Best of The King's Singers,9/24/2012,"['a cappella', 'british choir', 'cambridge choir', 'choral', 'polyphony', 'vocal ensemble']",219053,40,0.549,0.107,0,-16.147,1,0.0844,0.957,0,0.111,0.307,74.63,4
Jason Mraz,I'm Yours,2/10/2019 15:11,Vitamin String Quartet,The King's Singers,I’m Yours,The Best of The King's Singers,9/24/2012,"['a cappella', 'british choir', 'cambridge choir', 'choral', 'polyphony', 'vocal ensemble']",219053,40,0.549,0.107,0,-16.147,1,0.0844,0.957,0,0.111,0.307,74.63,4
Jason Mraz,I'm Yours,2/7/2019 11:47,The Script,The King's Singers,I’m Yours,The Best of The King's Singers,9/24/2012,"['a cappella', 'british choir', 'cambridge choir', 'choral', 'polyphony', 'vocal ensemble']",219053,40,0.549,0.107,0,-16.147,1,0.0844,0.957,0,0.111,0.307,74.63,4
Jason Mraz,I'm Yours,2/7/2019 11:47,Vitamin String Quartet,The King's Singers,I’m Yours,The Best of The King's Singers,9/24/2012,"['a cappella', 'british choir', 'cambridge choir', 'choral', 'polyphony', 'vocal ensemble']",219053,40,0.549,0.107,0,-16.147,1,0.0844,0.957,0,0.111,0.307,74.63,4
Jason Mraz,I'm Yours,2/7/2019 11:43,The Script,The King's Singers,I’m Yours,The Best of The King's Singers,9/24/2012,"['a cappella', 'british choir', 'cambridge choir', 'choral', 'polyphony', 'vocal ensemble']",219053,40,0.549,0.107,0,-16.147,1,0.0844,0.957,0,0.111,0.307,74.63,4
Jason Mraz,I'm Yours,2/7/2019 11:43,Vitamin String Quartet,The King's Singers,I’m Yours,The Best of The King's Singers,9/24/2012,"['a cappella', 'british choir', 'cambridge choir', 'choral', 'polyphony', 'vocal ensemble']",219053,40,0.549,0.107,0,-16.147,1,0.0844,0.957,0,0.111,0.307,74.63,4
Jason Mraz,I'm Yours,1/21/2019 9:47,The Script,The King's Singers,I’m Yours,The Best of The King's Singers,9/24/2012,"['a cappella', 'british choir', 'cambridge choir', 'choral', 'polyphony', 'vocal ensemble']",219053,40,0.549,0.107,0,-16.147,1,0.0844,0.957,0,0.111,0.307,74.63,4
Jason Mraz,I'm Yours,1/21/2019 9:47,Vitamin String Quartet,The King's Singers,I’m Yours,The Best of The King's Singers,9/24/2012,"['a cappella', 'british choir', 'cambridge choir', 'choral', 'polyphony', 'vocal ensemble']",219053,40,0.549,0.107,0,-16.147,1,0.0844,0.957,0,0.111,0.307,74.63,4
Jason Mraz,I'm Yours,12/6/2018 6:42,The Script,The King's Singers,I’m Yours,The Best of The King's Singers,9/24/2012,"['a cappella', 'british choir', 'cambridge choir', 'choral', 'polyphony', 'vocal ensemble']",219053,40,0.549,0.107,0,-16.147,1,0.0844,0.957,0,0.111,0.307,74.63,4
Jason Mraz,I'm Yours,12/6/2018 6:42,Vitamin String Quartet,The King's Singers,I’m Yours,The Best of The King's Singers,9/24/2012,"['a cappella', 'british choir', 'cambridge choir', 'choral', 'polyphony', 'vocal ensemble']",219053,40,0.549,0.107,0,-16.147,1,0.0844,0.957,0,0.111,0.307,74.63,4
Jason Mraz,I'm Yours,12/5/2018 7:26,The Script,The King's Singers,I’m Yours,The Best of The King's Singers,9/24/2012,"['a cappella', 'british choir', 'cambridge choir', 'choral', 'polyphony', 'vocal ensemble']",219053,40,0.549,0.107,0,-16.147,1,0.0844,0.957,0,0.111,0.307,74.63,4
Jason Mraz,I'm Yours,12/5/2018 7:26,Vitamin String Quartet,The King's Singers,I’m Yours,The Best of The King's Singers,9/24/2012,"['a cappella', 'british choir', 'cambridge choir', 'choral', 'polyphony', 'vocal ensemble']",219053,40,0.549,0.107,0,-16.147,1,0.0844,0.957,0,0.111,0.307,74.63,4
Jason Mraz,I'm Yours,12/5/2018 7:22,The Script,The King's Singers,I’m Yours,The Best of The King's Singers,9/24/2012,"['a cappella', 'british choir', 'cambridge choir', 'choral', 'polyphony', 'vocal ensemble']",219053,40,0.549,0.107,0,-16.147,1,0.0844,0.957,0,0.111,0.307,74.63,4
Jason Mraz,I'm Yours,12/5/2018 7:22,Vitamin String Quartet,The King's Singers,I’m Yours,The Best of The King's Singers,9/24/2012,"['a cappella', 'british choir', 'cambridge choir', 'choral', 'polyphony', 'vocal ensemble']",219053,40,0.549,0.107,0,-16.147,1,0.0844,0.957,0,0.111,0.307,74.63,4
Jason Mraz,I'm Yours,12/5/2018 7:18,The Script,The King's Singers,I’m Yours,The Best of The King's Singers,9/24/2012,"['a cappella', 'british choir', 'cambridge choir', 'choral', 'polyphony', 'vocal ensemble']",219053,40,0.549,0.107,0,-16.147,1,0.0844,0.957,0,0.111,0.307,74.63,4
Jason Mraz,I'm Yours,12/5/2018 7:18,Vitamin String Quartet,The King's Singers,I’m Yours,The Best of The King's Singers,9/24/2012,"['a cappella', 'british choir', 'cambridge choir', 'choral', 'polyphony', 'vocal ensemble']",219053,40,0.549,0.107,0,-16.147,1,0.0844,0.957,0,0.111,0.307,74.63,4
Jason Mraz,I'm Yours,12/5/2018 7:14,The Script,The King's Singers,I’m Yours,The Best of The King's Singers,9/24/2012,"['a cappella', 'british choir', 'cambridge choir', 'choral', 'polyphony', 'vocal ensemble']",219053,40,0.549,0.107,0,-16.147,1,0.0844,0.957,0,0.111,0.307,74.63,4
Jason Mraz,I'm Yours,12/5/2018 7:14,Vitamin String Quartet,The King's Singers,I’m Yours,The Best of The King's Singers,9/24/2012,"['a cappella', 'british choir', 'cambridge choir', 'choral', 'polyphony', 'vocal ensemble']",219053,40,0.549,0.107,0,-16.147,1,0.0844,0.957,0,0.111,0.307,74.63,4
Jason Mraz,I'm Yours,12/5/2018 7:10,The Script,The King's Singers,I’m Yours,The Best of The King's Singers,9/24/2012,"['a cappella', 'british choir', 'cambridge choir', 'choral', 'polyphony', 'vocal ensemble']",219053,40,0.549,0.107,0,-16.147,1,0.0844,0.957,0,0.111,0.307,74.63,4
Jason Mraz,I'm Yours,12/5/2018 7:10,Vitamin String Quartet,The King's Singers,I’m Yours,The Best of The King's Singers,9/24/2012,"['a cappella', 'british choir', 'cambridge choir', 'choral', 'polyphony', 'vocal ensemble']",219053,40,0.549,0.107,0,-16.147,1,0.0844,0.957,0,0.111,0.307,74.63,4
Jason Mraz,I'm Yours,12/5/2018 7:06,The Script,The King's Singers,I’m Yours,The Best of The King's Singers,9/24/2012,"['a cappella', 'british choir', 'cambridge choir', 'choral', 'polyphony', 'vocal ensemble']",219053,40,0.549,0.107,0,-16.147,1,0.0844,0.957,0,0.111,0.307,74.63,4
Jason Mraz,I'm Yours,12/5/2018 7:06,Vitamin String Quartet,The King's Singers,I’m Yours,The Best of The King's Singers,9/24/2012,"['a cappella', 'british choir', 'cambridge choir', 'choral', 'polyphony', 'vocal ensemble']",219053,40,0.549,0.107,0,-16.147,1,0.0844,0.957,0,0.111,0.307,74.63,4
Jason Mraz,I'm Yours,12/5/2018 7:02,The Script,The King's Singers,I’m Yours,The Best of The King's Singers,9/24/2012,"['a cappella', 'british choir', 'cambridge choir', 'choral', 'polyphony', 'vocal ensemble']",219053,40,0.549,0.107,0,-16.147,1,0.0844,0.957,0,0.111,0.307,74.63,4
Jason Mraz,I'm Yours,12/5/2018 7:02,Vitamin String Quartet,The King's Singers,I’m Yours,The Best of The King's Singers,9/24/2012,"['a cappella', 'british choir', 'cambridge choir', 'choral', 'polyphony', 'vocal ensemble']",219053,40,0.549,0.107,0,-16.147,1,0.0844,0.957,0,0.111,0.307,74.63,4
Jason Mraz,I'm Yours,12/5/2018 6:58,The Script,The King's Singers,I’m Yours,The Best of The King's Singers,9/24/2012,"['a cappella', 'british choir', 'cambridge choir', 'choral', 'polyphony', 'vocal ensemble']",219053,40,0.549,0.107,0,-16.147,1,0.0844,0.957,0,0.111,0.307,74.63,4
Jason Mraz,I'm Yours,12/5/2018 6:58,Vitamin String Quartet,The King's Singers,I’m Yours,The Best of The King's Singers,9/24/2012,"['a cappella', 'british choir', 'cambridge choir', 'choral', 'polyphony', 'vocal ensemble']",219053,40,0.549,0.107,0,-16.147,1,0.0844,0.957,0,0.111,0.307,74.63,4
Jason Mraz,I'm Yours,12/5/2018 6:54,The Script,The King's Singers,I’m Yours,The Best of The King's Singers,9/24/2012,"['a cappella', 'british choir', 'cambridge choir', 'choral', 'polyphony', 'vocal ensemble']",219053,40,0.549,0.107,0,-16.147,1,0.0844,0.957,0,0.111,0.307,74.63,4
Jason Mraz,I'm Yours,12/5/2018 6:54,Vitamin String Quartet,The King's Singers,I’m Yours,The Best of The King's Singers,9/24/2012,"['a cappella', 'british choir', 'cambridge choir', 'choral', 'polyphony', 'vocal ensemble']",219053,40,0.549,0.107,0,-16.147,1,0.0844,0.957,0,0.111,0.307,74.63,4
Jason Mraz,I'm Yours,12/5/2018 5:51,The Script,The King's Singers,I’m Yours,The Best of The King's Singers,9/24/2012,"['a cappella', 'british choir', 'cambridge choir', 'choral', 'polyphony', 'vocal ensemble']",219053,40,0.549,0.107,0,-16.147,1,0.0844,0.957,0,0.111,0.307,74.63,4
Jason Mraz,I'm Yours,12/5/2018 5:51,Vitamin String Quartet,The King's Singers,I’m Yours,The Best of The King's Singers,9/24/2012,"['a cappella', 'british choir', 'cambridge choir', 'choral', 'polyphony', 'vocal ensemble']",219053,40,0.549,0.107,0,-16.147,1,0.0844,0.957,0,0.111,0.307,74.63,4
Jason Mraz,I'm Yours,12/4/2018 17:42,The Script,The King's Singers,I’m Yours,The Best of The King's Singers,9/24/2012,"['a cappella', 'british choir', 'cambridge choir', 'choral', 'polyphony', 'vocal ensemble']",219053,40,0.549,0.107,0,-16.147,1,0.0844,0.957,0,0.111,0.307,74.63,4
Jason Mraz,I'm Yours,12/4/2018 17:42,Vitamin String Quartet,The King's Singers,I’m Yours,The Best of The King's Singers,9/24/2012,"['a cappella', 'british choir', 'cambridge choir', 'choral', 'polyphony', 'vocal ensemble']",219053,40,0.549,0.107,0,-16.147,1,0.0844,0.957,0,0.111,0.307,74.63,4
Jason Mraz,I'm Yours,12/4/2018 17:17,The Script,The King's Singers,I’m Yours,The Best of The King's Singers,9/24/2012,"['a cappella', 'british choir', 'cambridge choir', 'choral', 'polyphony', 'vocal ensemble']",219053,40,0.549,0.107,0,-16.147,1,0.0844,0.957,0,0.111,0.307,74.63,4
Jason Mraz,I'm Yours,12/4/2018 17:17,Vitamin String Quartet,The King's Singers,I’m Yours,The Best of The King's Singers,9/24/2012,"['a cappella', 'british choir', 'cambridge choir', 'choral', 'polyphony', 'vocal ensemble']",219053,40,0.549,0.107,0,-16.147,1,0.0844,0.957,0,0.111,0.307,74.63,4
Jason Mraz,I'm Yours,11/20/2018 15:58,The Script,The King's Singers,I’m Yours,The Best of The King's Singers,9/24/2012,"['a cappella', 'british choir', 'cambridge choir', 'choral', 'polyphony', 'vocal ensemble']",219053,40,0.549,0.107,0,-16.147,1,0.0844,0.957,0,0.111,0.307,74.63,4
Jason Mraz,I'm Yours,11/20/2018 15:58,Vitamin String Quartet,The King's Singers,I’m Yours,The Best of The King's Singers,9/24/2012,"['a cappella', 'british choir', 'cambridge choir', 'choral', 'polyphony', 'vocal ensemble']",219053,40,0.549,0.107,0,-16.147,1,0.0844,0.957,0,0.111,0.307,74.63,4
Jason Mraz,I'm Yours,8/19/2018 6:35,The Script,The King's Singers,I’m Yours,The Best of The King's Singers,9/24/2012,"['a cappella', 'british choir', 'cambridge choir', 'choral', 'polyphony', 'vocal ensemble']",219053,40,0.549,0.107,0,-16.147,1,0.0844,0.957,0,0.111,0.307,74.63,4
Jason Mraz,I'm Yours,8/19/2018 6:35,Vitamin String Quartet,The King's Singers,I’m Yours,The Best of The King's Singers,9/24/2012,"['a cappella', 'british choir', 'cambridge choir', 'choral', 'polyphony', 'vocal ensemble']",219053,40,0.549,0.107,0,-16.147,1,0.0844,0.957,0,0.111,0.307,74.63,4
Jason Mraz,I'm Yours,4/7/2018 6:07,The Script,The King's Singers,I’m Yours,The Best of The King's Singers,9/24/2012,"['a cappella', 'british choir', 'cambridge choir', 'choral', 'polyphony', 'vocal ensemble']",219053,40,0.549,0.107,0,-16.147,1,0.0844,0.957,0,0.111,0.307,74.63,4
Jason Mraz,I'm Yours,4/7/2018 6:07,Vitamin String Quartet,The King's Singers,I’m Yours,The Best of The King's Singers,9/24/2012,"['a cappella', 'british choir', 'cambridge choir', 'choral', 'polyphony', 'vocal ensemble']",219053,40,0.549,0.107,0,-16.147,1,0.0844,0.957,0,0.111,0.307,74.63,4
Jason Mraz,I'm Yours,11/1/2017 15:38,The Script,The King's Singers,I’m Yours,The Best of The King's Singers,9/24/2012,"['a cappella', 'british choir', 'cambridge choir', 'choral', 'polyphony', 'vocal ensemble']",219053,40,0.549,0.107,0,-16.147,1,0.0844,0.957,0,0.111,0.307,74.63,4
Jason Mraz,I'm Yours,11/1/2017 15:38,Vitamin String Quartet,The King's Singers,I’m Yours,The Best of The King's Singers,9/24/2012,"['a cappella', 'british choir', 'cambridge choir', 'choral', 'polyphony', 'vocal ensemble']",219053,40,0.549,0.107,0,-16.147,1,0.0844,0.957,0,0.111,0.307,74.63,4
Jason Mraz,I'm Yours,5/23/2017 9:15,The Script,The King's Singers,I’m Yours,The Best of The King's Singers,9/24/2012,"['a cappella', 'british choir', 'cambridge choir', 'choral', 'polyphony', 'vocal ensemble']",219053,40,0.549,0.107,0,-16.147,1,0.0844,0.957,0,0.111,0.307,74.63,4
Jason Mraz,I'm Yours,5/23/2017 9:15,Vitamin String Quartet,The King's Singers,I’m Yours,The Best of The King's Singers,9/24/2012,"['a cappella', 'british choir', 'cambridge choir', 'choral', 'polyphony', 'vocal ensemble']",219053,40,0.549,0.107,0,-16.147,1,0.0844,0.957,0,0.111,0.307,74.63,4
Jason Mraz,I'm Yours,4/30/2017 1:32,The Script,The King's Singers,I’m Yours,The Best of The King's Singers,9/24/2012,"['a cappella', 'british choir', 'cambridge choir', 'choral', 'polyphony', 'vocal ensemble']",219053,40,0.549,0.107,0,-16.147,1,0.0844,0.957,0,0.111,0.307,74.63,4
Jason Mraz,I'm Yours,4/30/2017 1:32,Vitamin String Quartet,The King's Singers,I’m Yours,The Best of The King's Singers,9/24/2012,"['a cappella', 'british choir', 'cambridge choir', 'choral', 'polyphony', 'vocal ensemble']",219053,40,0.549,0.107,0,-16.147,1,0.0844,0.957,0,0.111,0.307,74.63,4
Jason Mraz,I'm Yours,3/10/2017 18:55,The Script,The King's Singers,I’m Yours,The Best of The King's Singers,9/24/2012,"['a cappella', 'british choir', 'cambridge choir', 'choral', 'polyphony', 'vocal ensemble']",219053,40,0.549,0.107,0,-16.147,1,0.0844,0.957,0,0.111,0.307,74.63,4
Jason Mraz,I'm Yours,3/10/2017 18:55,Vitamin String Quartet,The King's Singers,I’m Yours,The Best of The King's Singers,9/24/2012,"['a cappella', 'british choir', 'cambridge choir', 'choral', 'polyphony', 'vocal ensemble']",219053,40,0.549,0.107,0,-16.147,1,0.0844,0.957,0,0.111,0.307,74.63,4
Jason Mraz,I'm Yours,3/8/2017 15:36,The Script,The King's Singers,I’m Yours,The Best of The King's Singers,9/24/2012,"['a cappella', 'british choir', 'cambridge choir', 'choral', 'polyphony', 'vocal ensemble']",219053,40,0.549,0.107,0,-16.147,1,0.0844,0.957,0,0.111,0.307,74.63,4
Jason Mraz,I'm Yours,3/8/2017 15:36,Vitamin String Quartet,The King's Singers,I’m Yours,The Best of The King's Singers,9/24/2012,"['a cappella', 'british choir', 'cambridge choir', 'choral', 'polyphony', 'vocal ensemble']",219053,40,0.549,0.107,0,-16.147,1,0.0844,0.957,0,0.111,0.307,74.63,4
Jason Mraz,I'm Yours,3/1/2017 16:13,The Script,The King's Singers,I’m Yours,The Best of The King's Singers,9/24/2012,"['a cappella', 'british choir', 'cambridge choir', 'choral', 'polyphony', 'vocal ensemble']",219053,40,0.549,0.107,0,-16.147,1,0.0844,0.957,0,0.111,0.307,74.63,4
Jason Mraz,I'm Yours,3/1/2017 16:13,Vitamin String Quartet,The King's Singers,I’m Yours,The Best of The King's Singers,9/24/2012,"['a cappella', 'british choir', 'cambridge choir', 'choral', 'polyphony', 'vocal ensemble']",219053,40,0.549,0.107,0,-16.147,1,0.0844,0.957,0,0.111,0.307,74.63,4
The Script,I'm Yours,12/6/2018 6:50,Jason Mraz,The King's Singers,I’m Yours,The Best of The King's Singers,9/24/2012,"['a cappella', 'british choir', 'cambridge choir', 'choral', 'polyphony', 'vocal ensemble']",219053,40,0.549,0.107,0,-16.147,1,0.0844,0.957,0,0.111,0.307,74.63,4
The Script,I'm Yours,12/6/2018 6:50,Vitamin String Quartet,The King's Singers,I’m Yours,The Best of The King's Singers,9/24/2012,"['a cappella', 'british choir', 'cambridge choir', 'choral', 'polyphony', 'vocal ensemble']",219053,40,0.549,0.107,0,-16.147,1,0.0844,0.957,0,0.111,0.307,74.63,4
The Script,I'm Yours,12/5/2018 5:59,Jason Mraz,The King's Singers,I’m Yours,The Best of The King's Singers,9/24/2012,"['a cappella', 'british choir', 'cambridge choir', 'choral', 'polyphony', 'vocal ensemble']",219053,40,0.549,0.107,0,-16.147,1,0.0844,0.957,0,0.111,0.307,74.63,4
The Script,I'm Yours,12/5/2018 5:59,Vitamin String Quartet,The King's Singers,I’m Yours,The Best of The King's Singers,9/24/2012,"['a cappella', 'british choir', 'cambridge choir', 'choral', 'polyphony', 'vocal ensemble']",219053,40,0.549,0.107,0,-16.147,1,0.0844,0.957,0,0.111,0.307,74.63,4
Vitamin String Quartet,I'm Yours,12/6/2018 6:46,Jason Mraz,The King's Singers,I’m Yours,The Best of The King's Singers,9/24/2012,"['a cappella', 'british choir', 'cambridge choir', 'choral', 'polyphony', 'vocal ensemble']",219053,40,0.549,0.107,0,-16.147,1,0.0844,0.957,0,0.111,0.307,74.63,4
Vitamin String Quartet,I'm Yours,12/6/2018 6:46,The Script,The King's Singers,I’m Yours,The Best of The King's Singers,9/24/2012,"['a cappella', 'british choir', 'cambridge choir', 'choral', 'polyphony', 'vocal ensemble']",219053,40,0.549,0.107,0,-16.147,1,0.0844,0.957,0,0.111,0.307,74.63,4
Goo Goo Dolls,Iris,10/23/2019 10:14,Friendzone Feat. The Eden Project,The Goo Goo Dolls,Iris,Dizzy up the Girl,9/11/1998,"['alternative rock', 'neo mellow', 'permanent wave', 'pop rock', 'post-grunge']",289533,78,0.315,0.715,11,-8.072,0,0.0362,0.00125,7.97E-06,0.0942,0.497,155.925,3
Goo Goo Dolls,Iris,10/23/2019 10:09,Friendzone Feat. The Eden Project,The Goo Goo Dolls,Iris,Dizzy up the Girl,9/11/1998,"['alternative rock', 'neo mellow', 'permanent wave', 'pop rock', 'post-grunge']",289533,78,0.315,0.715,11,-8.072,0,0.0362,0.00125,7.97E-06,0.0942,0.497,155.925,3
Goo Goo Dolls,Iris,4/8/2019 19:30,Friendzone Feat. The Eden Project,The Goo Goo Dolls,Iris,Dizzy up the Girl,9/11/1998,"['alternative rock', 'neo mellow', 'permanent wave', 'pop rock', 'post-grunge']",289533,78,0.315,0.715,11,-8.072,0,0.0362,0.00125,7.97E-06,0.0942,0.497,155.925,3
Goo Goo Dolls,Iris,10/1/2018 19:31,Friendzone Feat. The Eden Project,The Goo Goo Dolls,Iris,Dizzy up the Girl,9/11/1998,"['alternative rock', 'neo mellow', 'permanent wave', 'pop rock', 'post-grunge']",289533,78,0.315,0.715,11,-8.072,0,0.0362,0.00125,7.97E-06,0.0942,0.497,155.925,3
Goo Goo Dolls,Iris,6/22/2018 5:51,Friendzone Feat. The Eden Project,The Goo Goo Dolls,Iris,Dizzy up the Girl,9/11/1998,"['alternative rock', 'neo mellow', 'permanent wave', 'pop rock', 'post-grunge']",289533,78,0.315,0.715,11,-8.072,0,0.0362,0.00125,7.97E-06,0.0942,0.497,155.925,3
Goo Goo Dolls,Iris,6/22/2018 5:51,Friendzone Feat. The Eden Project,The Goo Goo Dolls,Iris,Dizzy up the Girl,9/11/1998,"['alternative rock', 'neo mellow', 'permanent wave', 'pop rock', 'post-grunge']",289533,78,0.315,0.715,11,-8.072,0,0.0362,0.00125,7.97E-06,0.0942,0.497,155.925,3
Goo Goo Dolls,Iris,6/20/2018 13:14,Friendzone Feat. The Eden Project,The Goo Goo Dolls,Iris,Dizzy up the Girl,9/11/1998,"['alternative rock', 'neo mellow', 'permanent wave', 'pop rock', 'post-grunge']",289533,78,0.315,0.715,11,-8.072,0,0.0362,0.00125,7.97E-06,0.0942,0.497,155.925,3
Goo Goo Dolls,Iris,2/6/2018 8:55,Friendzone Feat. The Eden Project,The Goo Goo Dolls,Iris,Dizzy up the Girl,9/11/1998,"['alternative rock', 'neo mellow', 'permanent wave', 'pop rock', 'post-grunge']",289533,78,0.315,0.715,11,-8.072,0,0.0362,0.00125,7.97E-06,0.0942,0.497,155.925,3
Goo Goo Dolls,Iris,2/6/2018 8:53,Friendzone Feat. The Eden Project,The Goo Goo Dolls,Iris,Dizzy up the Girl,9/11/1998,"['alternative rock', 'neo mellow', 'permanent wave', 'pop rock', 'post-grunge']",289533,78,0.315,0.715,11,-8.072,0,0.0362,0.00125,7.97E-06,0.0942,0.497,155.925,3
Goo Goo Dolls,Iris,12/20/2017 14:48,Friendzone Feat. The Eden Project,The Goo Goo Dolls,Iris,Dizzy up the Girl,9/11/1998,"['alternative rock', 'neo mellow', 'permanent wave', 'pop rock', 'post-grunge']",289533,78,0.315,0.715,11,-8.072,0,0.0362,0.00125,7.97E-06,0.0942,0.497,155.925,3
Goo Goo Dolls,Iris,11/1/2017 14:50,Friendzone Feat. The Eden Project,The Goo Goo Dolls,Iris,Dizzy up the Girl,9/11/1998,"['alternative rock', 'neo mellow', 'permanent wave', 'pop rock', 'post-grunge']",289533,78,0.315,0.715,11,-8.072,0,0.0362,0.00125,7.97E-06,0.0942,0.497,155.925,3
Goo Goo Dolls,Iris,8/25/2017 17:13,Friendzone Feat. The Eden Project,The Goo Goo Dolls,Iris,Dizzy up the Girl,9/11/1998,"['alternative rock', 'neo mellow', 'permanent wave', 'pop rock', 'post-grunge']",289533,78,0.315,0.715,11,-8.072,0,0.0362,0.00125,7.97E-06,0.0942,0.497,155.925,3
Goo Goo Dolls,Iris,7/7/2017 16:18,Friendzone Feat. The Eden Project,The Goo Goo Dolls,Iris,Dizzy up the Girl,9/11/1998,"['alternative rock', 'neo mellow', 'permanent wave', 'pop rock', 'post-grunge']",289533,78,0.315,0.715,11,-8.072,0,0.0362,0.00125,7.97E-06,0.0942,0.497,155.925,3
Goo Goo Dolls,Iris,5/23/2017 9:03,Friendzone Feat. The Eden Project,The Goo Goo Dolls,Iris,Dizzy up the Girl,9/11/1998,"['alternative rock', 'neo mellow', 'permanent wave', 'pop rock', 'post-grunge']",289533,78,0.315,0.715,11,-8.072,0,0.0362,0.00125,7.97E-06,0.0942,0.497,155.925,3
Goo Goo Dolls,Iris,5/15/2017 22:34,Friendzone Feat. The Eden Project,The Goo Goo Dolls,Iris,Dizzy up the Girl,9/11/1998,"['alternative rock', 'neo mellow', 'permanent wave', 'pop rock', 'post-grunge']",289533,78,0.315,0.715,11,-8.072,0,0.0362,0.00125,7.97E-06,0.0942,0.497,155.925,3
Goo Goo Dolls,Iris,3/4/2017 5:35,Friendzone Feat. The Eden Project,The Goo Goo Dolls,Iris,Dizzy up the Girl,9/11/1998,"['alternative rock', 'neo mellow', 'permanent wave', 'pop rock', 'post-grunge']",289533,78,0.315,0.715,11,-8.072,0,0.0362,0.00125,7.97E-06,0.0942,0.497,155.925,3
Goo Goo Dolls,Iris,2/28/2017 23:43,Friendzone Feat. The Eden Project,The Goo Goo Dolls,Iris,Dizzy up the Girl,9/11/1998,"['alternative rock', 'neo mellow', 'permanent wave', 'pop rock', 'post-grunge']",289533,78,0.315,0.715,11,-8.072,0,0.0362,0.00125,7.97E-06,0.0942,0.497,155.925,3
Goo Goo Dolls,Iris,12/27/2016 15:20,Friendzone Feat. The Eden Project,The Goo Goo Dolls,Iris,Dizzy up the Girl,9/11/1998,"['alternative rock', 'neo mellow', 'permanent wave', 'pop rock', 'post-grunge']",289533,78,0.315,0.715,11,-8.072,0,0.0362,0.00125,7.97E-06,0.0942,0.497,155.925,3
Goo Goo Dolls,Iris,12/25/2016 16:42,Friendzone Feat. The Eden Project,The Goo Goo Dolls,Iris,Dizzy up the Girl,9/11/1998,"['alternative rock', 'neo mellow', 'permanent wave', 'pop rock', 'post-grunge']",289533,78,0.315,0.715,11,-8.072,0,0.0362,0.00125,7.97E-06,0.0942,0.497,155.925,3
Goo Goo Dolls,Iris,12/24/2016 9:31,Friendzone Feat. The Eden Project,The Goo Goo Dolls,Iris,Dizzy up the Girl,9/11/1998,"['alternative rock', 'neo mellow', 'permanent wave', 'pop rock', 'post-grunge']",289533,78,0.315,0.715,11,-8.072,0,0.0362,0.00125,7.97E-06,0.0942,0.497,155.925,3
Friendzone Feat. The Eden Project,Iris,12/23/2016 7:44,Goo Goo Dolls,The Goo Goo Dolls,Iris,Dizzy up the Girl,9/11/1998,"['alternative rock', 'neo mellow', 'permanent wave', 'pop rock', 'post-grunge']",289533,78,0.315,0.715,11,-8.072,0,0.0362,0.00125,7.97E-06,0.0942,0.497,155.925,3
M83,I Need You,8/29/2019 1:24,Rameses B,Various Artists,I Need You,Divergent: Original Motion Picture Soundtrack,1/1/2014,[],181280,58,0.187,0.526,2,-7.291,1,0.0326,0.0261,0.0342,0.172,0.0739,72.259,4
M83,I Need You,3/8/2019 13:47,Rameses B,Various Artists,I Need You,Divergent: Original Motion Picture Soundtrack,1/1/2014,[],181280,58,0.187,0.526,2,-7.291,1,0.0326,0.0261,0.0342,0.172,0.0739,72.259,4
M83,I Need You,3/6/2017 12:32,Rameses B,Various Artists,I Need You,Divergent: Original Motion Picture Soundtrack,1/1/2014,[],181280,58,0.187,0.526,2,-7.291,1,0.0326,0.0261,0.0342,0.172,0.0739,72.259,4
M83,I Need You,2/21/2017 22:16,Rameses B,Various Artists,I Need You,Divergent: Original Motion Picture Soundtrack,1/1/2014,[],181280,58,0.187,0.526,2,-7.291,1,0.0326,0.0261,0.0342,0.172,0.0739,72.259,4
Rameses B,I Need You,11/15/2016 23:17,M83,Various Artists,I Need You,Divergent: Original Motion Picture Soundtrack,1/1/2014,[],181280,58,0.187,0.526,2,-7.291,1,0.0326,0.0261,0.0342,0.172,0.0739,72.259,4
John Denver,Leaving On A Jet Plane,4/11/2019 17:35,"Peter, Paul & Mary","Peter, Paul And Mary",Leaving On A Jet Plane,Album 1700,10/31/1967,"['american folk revival', 'brill building pop', 'bubblegum pop', 'folk', 'folk rock', 'mellow gold', 'soft rock', 'traditional folk']",207240,61,0.414,0.167,9,-16.519,1,0.0484,0.804,0,0.117,0.384,133.45,4
John Denver,Leaving On A Jet Plane,11/18/2018 17:56,"Peter, Paul & Mary","Peter, Paul And Mary",Leaving On A Jet Plane,Album 1700,10/31/1967,"['american folk revival', 'brill building pop', 'bubblegum pop', 'folk', 'folk rock', 'mellow gold', 'soft rock', 'traditional folk']",207240,61,0.414,0.167,9,-16.519,1,0.0484,0.804,0,0.117,0.384,133.45,4
John Denver,Leaving On A Jet Plane,11/1/2018 7:31,"Peter, Paul & Mary","Peter, Paul And Mary",Leaving On A Jet Plane,Album 1700,10/31/1967,"['american folk revival', 'brill building pop', 'bubblegum pop', 'folk', 'folk rock', 'mellow gold', 'soft rock', 'traditional folk']",207240,61,0.414,0.167,9,-16.519,1,0.0484,0.804,0,0.117,0.384,133.45,4
John Denver,Leaving On A Jet Plane,11/1/2018 7:27,"Peter, Paul & Mary","Peter, Paul And Mary",Leaving On A Jet Plane,Album 1700,10/31/1967,"['american folk revival', 'brill building pop', 'bubblegum pop', 'folk', 'folk rock', 'mellow gold', 'soft rock', 'traditional folk']",207240,61,0.414,0.167,9,-16.519,1,0.0484,0.804,0,0.117,0.384,133.45,4
John Denver,Leaving On A Jet Plane,11/1/2018 7:22,"Peter, Paul & Mary","Peter, Paul And Mary",Leaving On A Jet Plane,Album 1700,10/31/1967,"['american folk revival', 'brill building pop', 'bubblegum pop', 'folk', 'folk rock', 'mellow gold', 'soft rock', 'traditional folk']",207240,61,0.414,0.167,9,-16.519,1,0.0484,0.804,0,0.117,0.384,133.45,4
John Denver,Leaving On A Jet Plane,10/30/2018 18:02,"Peter, Paul & Mary","Peter, Paul And Mary",Leaving On A Jet Plane,Album 1700,10/31/1967,"['american folk revival', 'brill building pop', 'bubblegum pop', 'folk', 'folk rock', 'mellow gold', 'soft rock', 'traditional folk']",207240,61,0.414,0.167,9,-16.519,1,0.0484,0.804,0,0.117,0.384,133.45,4
John Denver,Leaving On A Jet Plane,10/22/2018 17:55,"Peter, Paul & Mary","Peter, Paul And Mary",Leaving On A Jet Plane,Album 1700,10/31/1967,"['american folk revival', 'brill building pop', 'bubblegum pop', 'folk', 'folk rock', 'mellow gold', 'soft rock', 'traditional folk']",207240,61,0.414,0.167,9,-16.519,1,0.0484,0.804,0,0.117,0.384,133.45,4
John Denver,Leaving On A Jet Plane,10/18/2018 18:25,"Peter, Paul & Mary","Peter, Paul And Mary",Leaving On A Jet Plane,Album 1700,10/31/1967,"['american folk revival', 'brill building pop', 'bubblegum pop', 'folk', 'folk rock', 'mellow gold', 'soft rock', 'traditional folk']",207240,61,0.414,0.167,9,-16.519,1,0.0484,0.804,0,0.117,0.384,133.45,4
John Denver,Leaving On A Jet Plane,10/2/2018 19:48,"Peter, Paul & Mary","Peter, Paul And Mary",Leaving On A Jet Plane,Album 1700,10/31/1967,"['american folk revival', 'brill building pop', 'bubblegum pop', 'folk', 'folk rock', 'mellow gold', 'soft rock', 'traditional folk']",207240,61,0.414,0.167,9,-16.519,1,0.0484,0.804,0,0.117,0.384,133.45,4
John Denver,Leaving On A Jet Plane,10/2/2018 19:44,"Peter, Paul & Mary","Peter, Paul And Mary",Leaving On A Jet Plane,Album 1700,10/31/1967,"['american folk revival', 'brill building pop', 'bubblegum pop', 'folk', 'folk rock', 'mellow gold', 'soft rock', 'traditional folk']",207240,61,0.414,0.167,9,-16.519,1,0.0484,0.804,0,0.117,0.384,133.45,4
John Denver,Leaving On A Jet Plane,10/1/2018 18:34,"Peter, Paul & Mary","Peter, Paul And Mary",Leaving On A Jet Plane,Album 1700,10/31/1967,"['american folk revival', 'brill building pop', 'bubblegum pop', 'folk', 'folk rock', 'mellow gold', 'soft rock', 'traditional folk']",207240,61,0.414,0.167,9,-16.519,1,0.0484,0.804,0,0.117,0.384,133.45,4
John Denver,Leaving On A Jet Plane,10/1/2018 18:26,"Peter, Paul & Mary","Peter, Paul And Mary",Leaving On A Jet Plane,Album 1700,10/31/1967,"['american folk revival', 'brill building pop', 'bubblegum pop', 'folk', 'folk rock', 'mellow gold', 'soft rock', 'traditional folk']",207240,61,0.414,0.167,9,-16.519,1,0.0484,0.804,0,0.117,0.384,133.45,4
John Denver,Leaving On A Jet Plane,8/29/2018 15:11,"Peter, Paul & Mary","Peter, Paul And Mary",Leaving On A Jet Plane,Album 1700,10/31/1967,"['american folk revival', 'brill building pop', 'bubblegum pop', 'folk', 'folk rock', 'mellow gold', 'soft rock', 'traditional folk']",207240,61,0.414,0.167,9,-16.519,1,0.0484,0.804,0,0.117,0.384,133.45,4
John Denver,Leaving On A Jet Plane,6/2/2018 7:20,"Peter, Paul & Mary","Peter, Paul And Mary",Leaving On A Jet Plane,Album 1700,10/31/1967,"['american folk revival', 'brill building pop', 'bubblegum pop', 'folk', 'folk rock', 'mellow gold', 'soft rock', 'traditional folk']",207240,61,0.414,0.167,9,-16.519,1,0.0484,0.804,0,0.117,0.384,133.45,4
John Denver,Leaving On A Jet Plane,3/14/2018 15:09,"Peter, Paul & Mary","Peter, Paul And Mary",Leaving On A Jet Plane,Album 1700,10/31/1967,"['american folk revival', 'brill building pop', 'bubblegum pop', 'folk', 'folk rock', 'mellow gold', 'soft rock', 'traditional folk']",207240,61,0.414,0.167,9,-16.519,1,0.0484,0.804,0,0.117,0.384,133.45,4
John Denver,Leaving On A Jet Plane,2/9/2018 10:25,"Peter, Paul & Mary","Peter, Paul And Mary",Leaving On A Jet Plane,Album 1700,10/31/1967,"['american folk revival', 'brill building pop', 'bubblegum pop', 'folk', 'folk rock', 'mellow gold', 'soft rock', 'traditional folk']",207240,61,0.414,0.167,9,-16.519,1,0.0484,0.804,0,0.117,0.384,133.45,4
John Denver,Leaving On A Jet Plane,12/4/2017 16:16,"Peter, Paul & Mary","Peter, Paul And Mary",Leaving On A Jet Plane,Album 1700,10/31/1967,"['american folk revival', 'brill building pop', 'bubblegum pop', 'folk', 'folk rock', 'mellow gold', 'soft rock', 'traditional folk']",207240,61,0.414,0.167,9,-16.519,1,0.0484,0.804,0,0.117,0.384,133.45,4
John Denver,Leaving On A Jet Plane,11/29/2017 16:16,"Peter, Paul & Mary","Peter, Paul And Mary",Leaving On A Jet Plane,Album 1700,10/31/1967,"['american folk revival', 'brill building pop', 'bubblegum pop', 'folk', 'folk rock', 'mellow gold', 'soft rock', 'traditional folk']",207240,61,0.414,0.167,9,-16.519,1,0.0484,0.804,0,0.117,0.384,133.45,4
John Denver,Leaving On A Jet Plane,11/14/2017 18:03,"Peter, Paul & Mary","Peter, Paul And Mary",Leaving On A Jet Plane,Album 1700,10/31/1967,"['american folk revival', 'brill building pop', 'bubblegum pop', 'folk', 'folk rock', 'mellow gold', 'soft rock', 'traditional folk']",207240,61,0.414,0.167,9,-16.519,1,0.0484,0.804,0,0.117,0.384,133.45,4
John Denver,Leaving On A Jet Plane,10/15/2017 17:38,"Peter, Paul & Mary","Peter, Paul And Mary",Leaving On A Jet Plane,Album 1700,10/31/1967,"['american folk revival', 'brill building pop', 'bubblegum pop', 'folk', 'folk rock', 'mellow gold', 'soft rock', 'traditional folk']",207240,61,0.414,0.167,9,-16.519,1,0.0484,0.804,0,0.117,0.384,133.45,4
John Denver,Leaving On A Jet Plane,10/15/2017 17:12,"Peter, Paul & Mary","Peter, Paul And Mary",Leaving On A Jet Plane,Album 1700,10/31/1967,"['american folk revival', 'brill building pop', 'bubblegum pop', 'folk', 'folk rock', 'mellow gold', 'soft rock', 'traditional folk']",207240,61,0.414,0.167,9,-16.519,1,0.0484,0.804,0,0.117,0.384,133.45,4
John Denver,Leaving On A Jet Plane,9/20/2017 16:34,"Peter, Paul & Mary","Peter, Paul And Mary",Leaving On A Jet Plane,Album 1700,10/31/1967,"['american folk revival', 'brill building pop', 'bubblegum pop', 'folk', 'folk rock', 'mellow gold', 'soft rock', 'traditional folk']",207240,61,0.414,0.167,9,-16.519,1,0.0484,0.804,0,0.117,0.384,133.45,4
John Denver,Leaving On A Jet Plane,7/17/2017 15:05,"Peter, Paul & Mary","Peter, Paul And Mary",Leaving On A Jet Plane,Album 1700,10/31/1967,"['american folk revival', 'brill building pop', 'bubblegum pop', 'folk', 'folk rock', 'mellow gold', 'soft rock', 'traditional folk']",207240,61,0.414,0.167,9,-16.519,1,0.0484,0.804,0,0.117,0.384,133.45,4
John Denver,Leaving On A Jet Plane,7/10/2017 15:11,"Peter, Paul & Mary","Peter, Paul And Mary",Leaving On A Jet Plane,Album 1700,10/31/1967,"['american folk revival', 'brill building pop', 'bubblegum pop', 'folk', 'folk rock', 'mellow gold', 'soft rock', 'traditional folk']",207240,61,0.414,0.167,9,-16.519,1,0.0484,0.804,0,0.117,0.384,133.45,4
John Denver,Leaving On A Jet Plane,6/26/2017 22:28,"Peter, Paul & Mary","Peter, Paul And Mary",Leaving On A Jet Plane,Album 1700,10/31/1967,"['american folk revival', 'brill building pop', 'bubblegum pop', 'folk', 'folk rock', 'mellow gold', 'soft rock', 'traditional folk']",207240,61,0.414,0.167,9,-16.519,1,0.0484,0.804,0,0.117,0.384,133.45,4
John Denver,Leaving On A Jet Plane,6/21/2017 9:14,"Peter, Paul & Mary","Peter, Paul And Mary",Leaving On A Jet Plane,Album 1700,10/31/1967,"['american folk revival', 'brill building pop', 'bubblegum pop', 'folk', 'folk rock', 'mellow gold', 'soft rock', 'traditional folk']",207240,61,0.414,0.167,9,-16.519,1,0.0484,0.804,0,0.117,0.384,133.45,4
John Denver,Leaving On A Jet Plane,6/20/2017 4:44,"Peter, Paul & Mary","Peter, Paul And Mary",Leaving On A Jet Plane,Album 1700,10/31/1967,"['american folk revival', 'brill building pop', 'bubblegum pop', 'folk', 'folk rock', 'mellow gold', 'soft rock', 'traditional folk']",207240,61,0.414,0.167,9,-16.519,1,0.0484,0.804,0,0.117,0.384,133.45,4
John Denver,Leaving On A Jet Plane,6/17/2017 21:14,"Peter, Paul & Mary","Peter, Paul And Mary",Leaving On A Jet Plane,Album 1700,10/31/1967,"['american folk revival', 'brill building pop', 'bubblegum pop', 'folk', 'folk rock', 'mellow gold', 'soft rock', 'traditional folk']",207240,61,0.414,0.167,9,-16.519,1,0.0484,0.804,0,0.117,0.384,133.45,4
John Denver,Leaving On A Jet Plane,5/31/2017 17:19,"Peter, Paul & Mary","Peter, Paul And Mary",Leaving On A Jet Plane,Album 1700,10/31/1967,"['american folk revival', 'brill building pop', 'bubblegum pop', 'folk', 'folk rock', 'mellow gold', 'soft rock', 'traditional folk']",207240,61,0.414,0.167,9,-16.519,1,0.0484,0.804,0,0.117,0.384,133.45,4
John Denver,Leaving On A Jet Plane,5/31/2017 17:15,"Peter, Paul & Mary","Peter, Paul And Mary",Leaving On A Jet Plane,Album 1700,10/31/1967,"['american folk revival', 'brill building pop', 'bubblegum pop', 'folk', 'folk rock', 'mellow gold', 'soft rock', 'traditional folk']",207240,61,0.414,0.167,9,-16.519,1,0.0484,0.804,0,0.117,0.384,133.45,4
John Denver,Leaving On A Jet Plane,5/31/2017 17:11,"Peter, Paul & Mary","Peter, Paul And Mary",Leaving On A Jet Plane,Album 1700,10/31/1967,"['american folk revival', 'brill building pop', 'bubblegum pop', 'folk', 'folk rock', 'mellow gold', 'soft rock', 'traditional folk']",207240,61,0.414,0.167,9,-16.519,1,0.0484,0.804,0,0.117,0.384,133.45,4
John Denver,Leaving On A Jet Plane,5/31/2017 17:08,"Peter, Paul & Mary","Peter, Paul And Mary",Leaving On A Jet Plane,Album 1700,10/31/1967,"['american folk revival', 'brill building pop', 'bubblegum pop', 'folk', 'folk rock', 'mellow gold', 'soft rock', 'traditional folk']",207240,61,0.414,0.167,9,-16.519,1,0.0484,0.804,0,0.117,0.384,133.45,4
John Denver,Leaving On A Jet Plane,5/31/2017 17:04,"Peter, Paul & Mary","Peter, Paul And Mary",Leaving On A Jet Plane,Album 1700,10/31/1967,"['american folk revival', 'brill building pop', 'bubblegum pop', 'folk', 'folk rock', 'mellow gold', 'soft rock', 'traditional folk']",207240,61,0.414,0.167,9,-16.519,1,0.0484,0.804,0,0.117,0.384,133.45,4
John Denver,Leaving On A Jet Plane,5/30/2017 19:49,"Peter, Paul & Mary","Peter, Paul And Mary",Leaving On A Jet Plane,Album 1700,10/31/1967,"['american folk revival', 'brill building pop', 'bubblegum pop', 'folk', 'folk rock', 'mellow gold', 'soft rock', 'traditional folk']",207240,61,0.414,0.167,9,-16.519,1,0.0484,0.804,0,0.117,0.384,133.45,4
John Denver,Leaving On A Jet Plane,5/28/2017 12:46,"Peter, Paul & Mary","Peter, Paul And Mary",Leaving On A Jet Plane,Album 1700,10/31/1967,"['american folk revival', 'brill building pop', 'bubblegum pop', 'folk', 'folk rock', 'mellow gold', 'soft rock', 'traditional folk']",207240,61,0.414,0.167,9,-16.519,1,0.0484,0.804,0,0.117,0.384,133.45,4
John Denver,Leaving On A Jet Plane,5/25/2017 11:57,"Peter, Paul & Mary","Peter, Paul And Mary",Leaving On A Jet Plane,Album 1700,10/31/1967,"['american folk revival', 'brill building pop', 'bubblegum pop', 'folk', 'folk rock', 'mellow gold', 'soft rock', 'traditional folk']",207240,61,0.414,0.167,9,-16.519,1,0.0484,0.804,0,0.117,0.384,133.45,4
John Denver,Leaving On A Jet Plane,5/25/2017 11:53,"Peter, Paul & Mary","Peter, Paul And Mary",Leaving On A Jet Plane,Album 1700,10/31/1967,"['american folk revival', 'brill building pop', 'bubblegum pop', 'folk', 'folk rock', 'mellow gold', 'soft rock', 'traditional folk']",207240,61,0.414,0.167,9,-16.519,1,0.0484,0.804,0,0.117,0.384,133.45,4
John Denver,Leaving On A Jet Plane,5/25/2017 11:49,"Peter, Paul & Mary","Peter, Paul And Mary",Leaving On A Jet Plane,Album 1700,10/31/1967,"['american folk revival', 'brill building pop', 'bubblegum pop', 'folk', 'folk rock', 'mellow gold', 'soft rock', 'traditional folk']",207240,61,0.414,0.167,9,-16.519,1,0.0484,0.804,0,0.117,0.384,133.45,4
John Denver,Leaving On A Jet Plane,4/15/2017 9:21,"Peter, Paul & Mary","Peter, Paul And Mary",Leaving On A Jet Plane,Album 1700,10/31/1967,"['american folk revival', 'brill building pop', 'bubblegum pop', 'folk', 'folk rock', 'mellow gold', 'soft rock', 'traditional folk']",207240,61,0.414,0.167,9,-16.519,1,0.0484,0.804,0,0.117,0.384,133.45,4
John Denver,Leaving On A Jet Plane,3/18/2017 21:01,"Peter, Paul & Mary","Peter, Paul And Mary",Leaving On A Jet Plane,Album 1700,10/31/1967,"['american folk revival', 'brill building pop', 'bubblegum pop', 'folk', 'folk rock', 'mellow gold', 'soft rock', 'traditional folk']",207240,61,0.414,0.167,9,-16.519,1,0.0484,0.804,0,0.117,0.384,133.45,4
John Denver,Leaving On A Jet Plane,3/13/2017 20:05,"Peter, Paul & Mary","Peter, Paul And Mary",Leaving On A Jet Plane,Album 1700,10/31/1967,"['american folk revival', 'brill building pop', 'bubblegum pop', 'folk', 'folk rock', 'mellow gold', 'soft rock', 'traditional folk']",207240,61,0.414,0.167,9,-16.519,1,0.0484,0.804,0,0.117,0.384,133.45,4
John Denver,Leaving On A Jet Plane,3/11/2017 18:43,"Peter, Paul & Mary","Peter, Paul And Mary",Leaving On A Jet Plane,Album 1700,10/31/1967,"['american folk revival', 'brill building pop', 'bubblegum pop', 'folk', 'folk rock', 'mellow gold', 'soft rock', 'traditional folk']",207240,61,0.414,0.167,9,-16.519,1,0.0484,0.804,0,0.117,0.384,133.45,4
John Denver,Leaving On A Jet Plane,3/3/2017 8:43,"Peter, Paul & Mary","Peter, Paul And Mary",Leaving On A Jet Plane,Album 1700,10/31/1967,"['american folk revival', 'brill building pop', 'bubblegum pop', 'folk', 'folk rock', 'mellow gold', 'soft rock', 'traditional folk']",207240,61,0.414,0.167,9,-16.519,1,0.0484,0.804,0,0.117,0.384,133.45,4
John Denver,Leaving On A Jet Plane,2/16/2017 0:04,"Peter, Paul & Mary","Peter, Paul And Mary",Leaving On A Jet Plane,Album 1700,10/31/1967,"['american folk revival', 'brill building pop', 'bubblegum pop', 'folk', 'folk rock', 'mellow gold', 'soft rock', 'traditional folk']",207240,61,0.414,0.167,9,-16.519,1,0.0484,0.804,0,0.117,0.384,133.45,4
John Denver,Leaving On A Jet Plane,2/4/2017 17:54,"Peter, Paul & Mary","Peter, Paul And Mary",Leaving On A Jet Plane,Album 1700,10/31/1967,"['american folk revival', 'brill building pop', 'bubblegum pop', 'folk', 'folk rock', 'mellow gold', 'soft rock', 'traditional folk']",207240,61,0.414,0.167,9,-16.519,1,0.0484,0.804,0,0.117,0.384,133.45,4
John Denver,Leaving On A Jet Plane,2/4/2017 2:56,"Peter, Paul & Mary","Peter, Paul And Mary",Leaving On A Jet Plane,Album 1700,10/31/1967,"['american folk revival', 'brill building pop', 'bubblegum pop', 'folk', 'folk rock', 'mellow gold', 'soft rock', 'traditional folk']",207240,61,0.414,0.167,9,-16.519,1,0.0484,0.804,0,0.117,0.384,133.45,4
John Denver,Leaving On A Jet Plane,2/4/2017 2:52,"Peter, Paul & Mary","Peter, Paul And Mary",Leaving On A Jet Plane,Album 1700,10/31/1967,"['american folk revival', 'brill building pop', 'bubblegum pop', 'folk', 'folk rock', 'mellow gold', 'soft rock', 'traditional folk']",207240,61,0.414,0.167,9,-16.519,1,0.0484,0.804,0,0.117,0.384,133.45,4
John Denver,Leaving On A Jet Plane,1/8/2017 5:55,"Peter, Paul & Mary","Peter, Paul And Mary",Leaving On A Jet Plane,Album 1700,10/31/1967,"['american folk revival', 'brill building pop', 'bubblegum pop', 'folk', 'folk rock', 'mellow gold', 'soft rock', 'traditional folk']",207240,61,0.414,0.167,9,-16.519,1,0.0484,0.804,0,0.117,0.384,133.45,4
John Denver,Leaving On A Jet Plane,12/27/2016 23:59,"Peter, Paul & Mary","Peter, Paul And Mary",Leaving On A Jet Plane,Album 1700,10/31/1967,"['american folk revival', 'brill building pop', 'bubblegum pop', 'folk', 'folk rock', 'mellow gold', 'soft rock', 'traditional folk']",207240,61,0.414,0.167,9,-16.519,1,0.0484,0.804,0,0.117,0.384,133.45,4
"Peter, Paul & Mary",Leaving On A Jet Plane,11/17/2018 9:56,John Denver,"Peter, Paul And Mary",Leaving On A Jet Plane,Album 1700,10/31/1967,"['american folk revival', 'brill building pop', 'bubblegum pop', 'folk', 'folk rock', 'mellow gold', 'soft rock', 'traditional folk']",207240,61,0.414,0.167,9,-16.519,1,0.0484,0.804,0,0.117,0.384,133.45,4
"Peter, Paul & Mary",Leaving On A Jet Plane,7/12/2018 18:33,John Denver,"Peter, Paul And Mary",Leaving On A Jet Plane,Album 1700,10/31/1967,"['american folk revival', 'brill building pop', 'bubblegum pop', 'folk', 'folk rock', 'mellow gold', 'soft rock', 'traditional folk']",207240,61,0.414,0.167,9,-16.519,1,0.0484,0.804,0,0.117,0.384,133.45,4
"Peter, Paul & Mary",Leaving On A Jet Plane,7/12/2018 18:33,John Denver,"Peter, Paul And Mary",Leaving On A Jet Plane,Album 1700,10/31/1967,"['american folk revival', 'brill building pop', 'bubblegum pop', 'folk', 'folk rock', 'mellow gold', 'soft rock', 'traditional folk']",207240,61,0.414,0.167,9,-16.519,1,0.0484,0.804,0,0.117,0.384,133.45,4
"Peter, Paul & Mary",Leaving On A Jet Plane,7/12/2018 12:36,John Denver,"Peter, Paul And Mary",Leaving On A Jet Plane,Album 1700,10/31/1967,"['american folk revival', 'brill building pop', 'bubblegum pop', 'folk', 'folk rock', 'mellow gold', 'soft rock', 'traditional folk']",207240,61,0.414,0.167,9,-16.519,1,0.0484,0.804,0,0.117,0.384,133.45,4
"Peter, Paul & Mary",Leaving On A Jet Plane,7/12/2018 12:32,John Denver,"Peter, Paul And Mary",Leaving On A Jet Plane,Album 1700,10/31/1967,"['american folk revival', 'brill building pop', 'bubblegum pop', 'folk', 'folk rock', 'mellow gold', 'soft rock', 'traditional folk']",207240,61,0.414,0.167,9,-16.519,1,0.0484,0.804,0,0.117,0.384,133.45,4
"Peter, Paul & Mary",Leaving On A Jet Plane,2/4/2017 17:44,John Denver,"Peter, Paul And Mary",Leaving On A Jet Plane,Album 1700,10/31/1967,"['american folk revival', 'brill building pop', 'bubblegum pop', 'folk', 'folk rock', 'mellow gold', 'soft rock', 'traditional folk']",207240,61,0.414,0.167,9,-16.519,1,0.0484,0.804,0,0.117,0.384,133.45,4
桜庭統,Longing,3/12/2019 18:40,Kari Bin,Various Artists,Longing,Piano & Chill,7/31/2016,[],121973,57,0.363,0.0263,6,-29.73,1,0.0708,0.996,0.962,0.0848,0.357,165.688,4
桜庭統,Longing,3/6/2019 9:12,Kari Bin,Various Artists,Longing,Piano & Chill,7/31/2016,[],121973,57,0.363,0.0263,6,-29.73,1,0.0708,0.996,0.962,0.0848,0.357,165.688,4
桜庭統,Longing,3/5/2019 17:35,Kari Bin,Various Artists,Longing,Piano & Chill,7/31/2016,[],121973,57,0.363,0.0263,6,-29.73,1,0.0708,0.996,0.962,0.0848,0.357,165.688,4
桜庭統,Longing,3/3/2019 5:54,Kari Bin,Various Artists,Longing,Piano & Chill,7/31/2016,[],121973,57,0.363,0.0263,6,-29.73,1,0.0708,0.996,0.962,0.0848,0.357,165.688,4
Kari Bin,Longing,9/15/2018 22:56,桜庭統,Various Artists,Longing,Piano & Chill,7/31/2016,[],121973,57,0.363,0.0263,6,-29.73,1,0.0708,0.996,0.962,0.0848,0.357,165.688,4
Molotov Cocktail Piano,Paranoid Android,2/25/2019 19:45,Sia,Various Artists,Paranoid Android,Exit Music: Songs With Radio Heads,4/28/2006,[],374560,35,0.248,0.261,5,-11.573,1,0.0358,0.958,0.17,0.114,0.0373,143.547,4
Molotov Cocktail Piano,Paranoid Android,8/17/2017 21:41,Sia,Various Artists,Paranoid Android,Exit Music: Songs With Radio Heads,4/28/2006,[],374560,35,0.248,0.261,5,-11.573,1,0.0358,0.958,0.17,0.114,0.0373,143.547,4
Molotov Cocktail Piano,Paranoid Android,5/24/2017 5:10,Sia,Various Artists,Paranoid Android,Exit Music: Songs With Radio Heads,4/28/2006,[],374560,35,0.248,0.261,5,-11.573,1,0.0358,0.958,0.17,0.114,0.0373,143.547,4
Sia,Paranoid Android,11/9/2017 17:29,Molotov Cocktail Piano,Various Artists,Paranoid Android,Exit Music: Songs With Radio Heads,4/28/2006,[],374560,35,0.248,0.261,5,-11.573,1,0.0358,0.958,0.17,0.114,0.0373,143.547,4
The John Butler Trio,Ocean,11/6/2018 9:31,Görkem Han Jr.,Various Artists,Ocean,"Secret Chill, Vol. 4",5/15/2015,[],363000,16,0.564,0.67,1,-8.887,0,0.0401,0.0592,0.868,0.138,0.161,80.047,4
Görkem Han Jr.,Ocean,12/9/2017 6:53,The John Butler Trio,Various Artists,Ocean,"Secret Chill, Vol. 4",5/15/2015,[],363000,16,0.564,0.67,1,-8.887,0,0.0401,0.0592,0.868,0.138,0.161,80.047,4
Görkem Han Jr.,Ocean,7/2/2017 18:35,The John Butler Trio,Various Artists,Ocean,"Secret Chill, Vol. 4",5/15/2015,[],363000,16,0.564,0.67,1,-8.887,0,0.0401,0.0592,0.868,0.138,0.161,80.047,4
Görkem Han Jr.,Ocean,2/28/2017 5:02,The John Butler Trio,Various Artists,Ocean,"Secret Chill, Vol. 4",5/15/2015,[],363000,16,0.564,0.67,1,-8.887,0,0.0401,0.0592,0.868,0.138,0.161,80.047,4
Görkem Han Jr.,Ocean,2/23/2017 21:04,The John Butler Trio,Various Artists,Ocean,"Secret Chill, Vol. 4",5/15/2015,[],363000,16,0.564,0.67,1,-8.887,0,0.0401,0.0592,0.868,0.138,0.161,80.047,4
Görkem Han Jr.,Ocean,2/17/2017 23:25,The John Butler Trio,Various Artists,Ocean,"Secret Chill, Vol. 4",5/15/2015,[],363000,16,0.564,0.67,1,-8.887,0,0.0401,0.0592,0.868,0.138,0.161,80.047,4
Görkem Han Jr.,Ocean,2/17/2017 2:35,The John Butler Trio,Various Artists,Ocean,"Secret Chill, Vol. 4",5/15/2015,[],363000,16,0.564,0.67,1,-8.887,0,0.0401,0.0592,0.868,0.138,0.161,80.047,4
Görkem Han Jr.,Ocean,1/11/2017 14:06,The John Butler Trio,Various Artists,Ocean,"Secret Chill, Vol. 4",5/15/2015,[],363000,16,0.564,0.67,1,-8.887,0,0.0401,0.0592,0.868,0.138,0.161,80.047,4
Görkem Han Jr.,Ocean,12/30/2016 2:19,The John Butler Trio,Various Artists,Ocean,"Secret Chill, Vol. 4",5/15/2015,[],363000,16,0.564,0.67,1,-8.887,0,0.0401,0.0592,0.868,0.138,0.161,80.047,4
Görkem Han Jr.,Ocean,12/23/2016 9:02,The John Butler Trio,Various Artists,Ocean,"Secret Chill, Vol. 4",5/15/2015,[],363000,16,0.564,0.67,1,-8.887,0,0.0401,0.0592,0.868,0.138,0.161,80.047,4
Görkem Han Jr.,Ocean,12/19/2016 23:12,The John Butler Trio,Various Artists,Ocean,"Secret Chill, Vol. 4",5/15/2015,[],363000,16,0.564,0.67,1,-8.887,0,0.0401,0.0592,0.868,0.138,0.161,80.047,4
Görkem Han Jr.,Ocean,12/17/2016 22:52,The John Butler Trio,Various Artists,Ocean,"Secret Chill, Vol. 4",5/15/2015,[],363000,16,0.564,0.67,1,-8.887,0,0.0401,0.0592,0.868,0.138,0.161,80.047,4
Görkem Han Jr.,Ocean,12/15/2016 2:55,The John Butler Trio,Various Artists,Ocean,"Secret Chill, Vol. 4",5/15/2015,[],363000,16,0.564,0.67,1,-8.887,0,0.0401,0.0592,0.868,0.138,0.161,80.047,4
Rahat Fateh Ali Khan,Jiya Dhadak Dhadak Jaye,10/4/2018 20:11,Faisal Rafi,Various Artists,Jiya Dhadak Dhadak Jaye,Kalyug (Original Motion Picture Soundtrack),12/9/2005,[],319480,43,0.69,0.533,0,-9.741,1,0.0342,0.157,6.02E-05,0.121,0.399,119.924,4
Rahat Fateh Ali Khan,Jiya Dhadak Dhadak Jaye,8/27/2018 22:45,Faisal Rafi,Various Artists,Jiya Dhadak Dhadak Jaye,Kalyug (Original Motion Picture Soundtrack),12/9/2005,[],319480,43,0.69,0.533,0,-9.741,1,0.0342,0.157,6.02E-05,0.121,0.399,119.924,4
Rahat Fateh Ali Khan,Jiya Dhadak Dhadak Jaye,8/23/2018 18:30,Faisal Rafi,Various Artists,Jiya Dhadak Dhadak Jaye,Kalyug (Original Motion Picture Soundtrack),12/9/2005,[],319480,43,0.69,0.533,0,-9.741,1,0.0342,0.157,6.02E-05,0.121,0.399,119.924,4
Rahat Fateh Ali Khan,Jiya Dhadak Dhadak Jaye,8/23/2018 18:27,Faisal Rafi,Various Artists,Jiya Dhadak Dhadak Jaye,Kalyug (Original Motion Picture Soundtrack),12/9/2005,[],319480,43,0.69,0.533,0,-9.741,1,0.0342,0.157,6.02E-05,0.121,0.399,119.924,4
Faisal Rafi,Jiya Dhadak Dhadak Jaye,8/23/2018 18:27,Rahat Fateh Ali Khan,Various Artists,Jiya Dhadak Dhadak Jaye,Kalyug (Original Motion Picture Soundtrack),12/9/2005,[],319480,43,0.69,0.533,0,-9.741,1,0.0342,0.157,6.02E-05,0.121,0.399,119.924,4
Steppenwolf,Born To Be Wild,7/25/2018 16:41,Dick Loggins,Various Artists,Born To Be Wild,Rock Anthems 60s 70s Rock Music Hits. Best Classic Rock Songs in English. Top Oldies Music,7/20/2014,[],200297,5,0.578,0.673,11,-12.359,0,0.0399,0.00448,1.68E-05,0.354,0.577,142.937,3
Steppenwolf,Born To Be Wild,3/21/2018 17:19,Dick Loggins,Various Artists,Born To Be Wild,Rock Anthems 60s 70s Rock Music Hits. Best Classic Rock Songs in English. Top Oldies Music,7/20/2014,[],200297,5,0.578,0.673,11,-12.359,0,0.0399,0.00448,1.68E-05,0.354,0.577,142.937,3
Steppenwolf,Born To Be Wild,2/3/2018 11:15,Dick Loggins,Various Artists,Born To Be Wild,Rock Anthems 60s 70s Rock Music Hits. Best Classic Rock Songs in English. Top Oldies Music,7/20/2014,[],200297,5,0.578,0.673,11,-12.359,0,0.0399,0.00448,1.68E-05,0.354,0.577,142.937,3
Steppenwolf,Born To Be Wild,2/2/2018 12:01,Dick Loggins,Various Artists,Born To Be Wild,Rock Anthems 60s 70s Rock Music Hits. Best Classic Rock Songs in English. Top Oldies Music,7/20/2014,[],200297,5,0.578,0.673,11,-12.359,0,0.0399,0.00448,1.68E-05,0.354,0.577,142.937,3
Steppenwolf,Born To Be Wild,2/2/2018 12:01,Dick Loggins,Various Artists,Born To Be Wild,Rock Anthems 60s 70s Rock Music Hits. Best Classic Rock Songs in English. Top Oldies Music,7/20/2014,[],200297,5,0.578,0.673,11,-12.359,0,0.0399,0.00448,1.68E-05,0.354,0.577,142.937,3
Steppenwolf,Born To Be Wild,1/29/2018 12:57,Dick Loggins,Various Artists,Born To Be Wild,Rock Anthems 60s 70s Rock Music Hits. Best Classic Rock Songs in English. Top Oldies Music,7/20/2014,[],200297,5,0.578,0.673,11,-12.359,0,0.0399,0.00448,1.68E-05,0.354,0.577,142.937,3
Steppenwolf,Born To Be Wild,1/8/2018 12:10,Dick Loggins,Various Artists,Born To Be Wild,Rock Anthems 60s 70s Rock Music Hits. Best Classic Rock Songs in English. Top Oldies Music,7/20/2014,[],200297,5,0.578,0.673,11,-12.359,0,0.0399,0.00448,1.68E-05,0.354,0.577,142.937,3
Steppenwolf,Born To Be Wild,1/5/2018 17:14,Dick Loggins,Various Artists,Born To Be Wild,Rock Anthems 60s 70s Rock Music Hits. Best Classic Rock Songs in English. Top Oldies Music,7/20/2014,[],200297,5,0.578,0.673,11,-12.359,0,0.0399,0.00448,1.68E-05,0.354,0.577,142.937,3
Steppenwolf,Born To Be Wild,1/4/2018 9:48,Dick Loggins,Various Artists,Born To Be Wild,Rock Anthems 60s 70s Rock Music Hits. Best Classic Rock Songs in English. Top Oldies Music,7/20/2014,[],200297,5,0.578,0.673,11,-12.359,0,0.0399,0.00448,1.68E-05,0.354,0.577,142.937,3
Steppenwolf,Born To Be Wild,12/30/2017 17:34,Dick Loggins,Various Artists,Born To Be Wild,Rock Anthems 60s 70s Rock Music Hits. Best Classic Rock Songs in English. Top Oldies Music,7/20/2014,[],200297,5,0.578,0.673,11,-12.359,0,0.0399,0.00448,1.68E-05,0.354,0.577,142.937,3
Steppenwolf,Born To Be Wild,12/26/2017 17:38,Dick Loggins,Various Artists,Born To Be Wild,Rock Anthems 60s 70s Rock Music Hits. Best Classic Rock Songs in English. Top Oldies Music,7/20/2014,[],200297,5,0.578,0.673,11,-12.359,0,0.0399,0.00448,1.68E-05,0.354,0.577,142.937,3
Steppenwolf,Born To Be Wild,12/26/2017 13:54,Dick Loggins,Various Artists,Born To Be Wild,Rock Anthems 60s 70s Rock Music Hits. Best Classic Rock Songs in English. Top Oldies Music,7/20/2014,[],200297,5,0.578,0.673,11,-12.359,0,0.0399,0.00448,1.68E-05,0.354,0.577,142.937,3
Steppenwolf,Born To Be Wild,12/26/2017 13:50,Dick Loggins,Various Artists,Born To Be Wild,Rock Anthems 60s 70s Rock Music Hits. Best Classic Rock Songs in English. Top Oldies Music,7/20/2014,[],200297,5,0.578,0.673,11,-12.359,0,0.0399,0.00448,1.68E-05,0.354,0.577,142.937,3
Steppenwolf,Born To Be Wild,12/26/2017 11:13,Dick Loggins,Various Artists,Born To Be Wild,Rock Anthems 60s 70s Rock Music Hits. Best Classic Rock Songs in English. Top Oldies Music,7/20/2014,[],200297,5,0.578,0.673,11,-12.359,0,0.0399,0.00448,1.68E-05,0.354,0.577,142.937,3
Steppenwolf,Born To Be Wild,12/26/2017 5:40,Dick Loggins,Various Artists,Born To Be Wild,Rock Anthems 60s 70s Rock Music Hits. Best Classic Rock Songs in English. Top Oldies Music,7/20/2014,[],200297,5,0.578,0.673,11,-12.359,0,0.0399,0.00448,1.68E-05,0.354,0.577,142.937,3
Steppenwolf,Born To Be Wild,12/26/2017 5:36,Dick Loggins,Various Artists,Born To Be Wild,Rock Anthems 60s 70s Rock Music Hits. Best Classic Rock Songs in English. Top Oldies Music,7/20/2014,[],200297,5,0.578,0.673,11,-12.359,0,0.0399,0.00448,1.68E-05,0.354,0.577,142.937,3
Steppenwolf,Born To Be Wild,12/22/2017 10:12,Dick Loggins,Various Artists,Born To Be Wild,Rock Anthems 60s 70s Rock Music Hits. Best Classic Rock Songs in English. Top Oldies Music,7/20/2014,[],200297,5,0.578,0.673,11,-12.359,0,0.0399,0.00448,1.68E-05,0.354,0.577,142.937,3
Steppenwolf,Born To Be Wild,12/21/2017 19:10,Dick Loggins,Various Artists,Born To Be Wild,Rock Anthems 60s 70s Rock Music Hits. Best Classic Rock Songs in English. Top Oldies Music,7/20/2014,[],200297,5,0.578,0.673,11,-12.359,0,0.0399,0.00448,1.68E-05,0.354,0.577,142.937,3
Steppenwolf,Born To Be Wild,12/21/2017 17:28,Dick Loggins,Various Artists,Born To Be Wild,Rock Anthems 60s 70s Rock Music Hits. Best Classic Rock Songs in English. Top Oldies Music,7/20/2014,[],200297,5,0.578,0.673,11,-12.359,0,0.0399,0.00448,1.68E-05,0.354,0.577,142.937,3
Steppenwolf,Born To Be Wild,12/20/2017 11:38,Dick Loggins,Various Artists,Born To Be Wild,Rock Anthems 60s 70s Rock Music Hits. Best Classic Rock Songs in English. Top Oldies Music,7/20/2014,[],200297,5,0.578,0.673,11,-12.359,0,0.0399,0.00448,1.68E-05,0.354,0.577,142.937,3
Steppenwolf,Born To Be Wild,12/20/2017 11:33,Dick Loggins,Various Artists,Born To Be Wild,Rock Anthems 60s 70s Rock Music Hits. Best Classic Rock Songs in English. Top Oldies Music,7/20/2014,[],200297,5,0.578,0.673,11,-12.359,0,0.0399,0.00448,1.68E-05,0.354,0.577,142.937,3
Steppenwolf,Born To Be Wild,12/20/2017 7:22,Dick Loggins,Various Artists,Born To Be Wild,Rock Anthems 60s 70s Rock Music Hits. Best Classic Rock Songs in English. Top Oldies Music,7/20/2014,[],200297,5,0.578,0.673,11,-12.359,0,0.0399,0.00448,1.68E-05,0.354,0.577,142.937,3
Steppenwolf,Born To Be Wild,12/19/2017 14:02,Dick Loggins,Various Artists,Born To Be Wild,Rock Anthems 60s 70s Rock Music Hits. Best Classic Rock Songs in English. Top Oldies Music,7/20/2014,[],200297,5,0.578,0.673,11,-12.359,0,0.0399,0.00448,1.68E-05,0.354,0.577,142.937,3
Steppenwolf,Born To Be Wild,12/19/2017 12:47,Dick Loggins,Various Artists,Born To Be Wild,Rock Anthems 60s 70s Rock Music Hits. Best Classic Rock Songs in English. Top Oldies Music,7/20/2014,[],200297,5,0.578,0.673,11,-12.359,0,0.0399,0.00448,1.68E-05,0.354,0.577,142.937,3
Steppenwolf,Born To Be Wild,12/19/2017 12:28,Dick Loggins,Various Artists,Born To Be Wild,Rock Anthems 60s 70s Rock Music Hits. Best Classic Rock Songs in English. Top Oldies Music,7/20/2014,[],200297,5,0.578,0.673,11,-12.359,0,0.0399,0.00448,1.68E-05,0.354,0.577,142.937,3
Steppenwolf,Born To Be Wild,12/18/2017 17:36,Dick Loggins,Various Artists,Born To Be Wild,Rock Anthems 60s 70s Rock Music Hits. Best Classic Rock Songs in English. Top Oldies Music,7/20/2014,[],200297,5,0.578,0.673,11,-12.359,0,0.0399,0.00448,1.68E-05,0.354,0.577,142.937,3
Steppenwolf,Born To Be Wild,12/18/2017 16:43,Dick Loggins,Various Artists,Born To Be Wild,Rock Anthems 60s 70s Rock Music Hits. Best Classic Rock Songs in English. Top Oldies Music,7/20/2014,[],200297,5,0.578,0.673,11,-12.359,0,0.0399,0.00448,1.68E-05,0.354,0.577,142.937,3
Steppenwolf,Born To Be Wild,12/11/2017 17:37,Dick Loggins,Various Artists,Born To Be Wild,Rock Anthems 60s 70s Rock Music Hits. Best Classic Rock Songs in English. Top Oldies Music,7/20/2014,[],200297,5,0.578,0.673,11,-12.359,0,0.0399,0.00448,1.68E-05,0.354,0.577,142.937,3
Dick Loggins,Born To Be Wild,12/21/2017 17:35,Steppenwolf,Various Artists,Born To Be Wild,Rock Anthems 60s 70s Rock Music Hits. Best Classic Rock Songs in English. Top Oldies Music,7/20/2014,[],200297,5,0.578,0.673,11,-12.359,0,0.0399,0.00448,1.68E-05,0.354,0.577,142.937,3
Dick Loggins,Born To Be Wild,12/19/2017 14:05,Steppenwolf,Various Artists,Born To Be Wild,Rock Anthems 60s 70s Rock Music Hits. Best Classic Rock Songs in English. Top Oldies Music,7/20/2014,[],200297,5,0.578,0.673,11,-12.359,0,0.0399,0.00448,1.68E-05,0.354,0.577,142.937,3
Kk,Such Keh Raha Hai,6/30/2018 18:44,Kavita Krishnamurthy,Various Artists,Such Keh Raha Hai,Rehnaa Hai Terre Dil Mein (Original Motion Picture Soundtrack),12/1/2001,[],328880,34,0.797,0.307,11,-14.138,0,0.0486,0.336,0,0.169,0.521,124.002,4
Kavita Krishnamurthy,Such Keh Raha Hai,6/30/2018 18:44,Kk,Various Artists,Such Keh Raha Hai,Rehnaa Hai Terre Dil Mein (Original Motion Picture Soundtrack),12/1/2001,[],328880,34,0.797,0.307,11,-14.138,0,0.0486,0.336,0,0.169,0.521,124.002,4
Piotr Musiał,The Banks Of The Sansretour,4/9/2018 10:21,Piotr Musial,Marcin Przybyłowicz,The Banks Of The Sansretour,The Witcher 3: Wild Hunt - Blood and Wine (Official Soundtrack),6/1/2016,"['scorecore', 'video game music']",238000,46,0.125,0.26,0,-15.394,1,0.0325,0.792,0.167,0.177,0.0709,94.669,3
Piotr Musial,The Banks Of The Sansretour,3/11/2017 12:54,Piotr Musiał,Marcin Przybyłowicz,The Banks Of The Sansretour,The Witcher 3: Wild Hunt - Blood and Wine (Official Soundtrack),6/1/2016,"['scorecore', 'video game music']",238000,46,0.125,0.26,0,-15.394,1,0.0325,0.792,0.167,0.177,0.0709,94.669,3
Piotr Musial,The Banks Of The Sansretour,3/9/2017 21:29,Piotr Musiał,Marcin Przybyłowicz,The Banks Of The Sansretour,The Witcher 3: Wild Hunt - Blood and Wine (Official Soundtrack),6/1/2016,"['scorecore', 'video game music']",238000,46,0.125,0.26,0,-15.394,1,0.0325,0.792,0.167,0.177,0.0709,94.669,3
John Mayer,Comfortable,3/13/2018 13:47,Lil' Wayne,Lil Wayne,Comfortable,Tha Carter III,6/10/2008,"['hip hop', 'new orleans rap', 'pop rap', 'rap', 'trap']",265240,52,0.596,0.83,6,-7.739,0,0.0863,0.0169,2.57E-05,0.585,0.682,94.199,4
John Mayer,Comfortable,3/27/2017 18:54,Lil' Wayne,Lil Wayne,Comfortable,Tha Carter III,6/10/2008,"['hip hop', 'new orleans rap', 'pop rap', 'rap', 'trap']",265240,52,0.596,0.83,6,-7.739,0,0.0863,0.0169,2.57E-05,0.585,0.682,94.199,4
John Mayer,Comfortable,3/21/2017 18:17,Lil' Wayne,Lil Wayne,Comfortable,Tha Carter III,6/10/2008,"['hip hop', 'new orleans rap', 'pop rap', 'rap', 'trap']",265240,52,0.596,0.83,6,-7.739,0,0.0863,0.0169,2.57E-05,0.585,0.682,94.199,4
John Mayer,Comfortable,3/19/2017 0:30,Lil' Wayne,Lil Wayne,Comfortable,Tha Carter III,6/10/2008,"['hip hop', 'new orleans rap', 'pop rap', 'rap', 'trap']",265240,52,0.596,0.83,6,-7.739,0,0.0863,0.0169,2.57E-05,0.585,0.682,94.199,4
John Mayer,Comfortable,3/18/2017 4:58,Lil' Wayne,Lil Wayne,Comfortable,Tha Carter III,6/10/2008,"['hip hop', 'new orleans rap', 'pop rap', 'rap', 'trap']",265240,52,0.596,0.83,6,-7.739,0,0.0863,0.0169,2.57E-05,0.585,0.682,94.199,4
John Mayer,Comfortable,3/17/2017 13:29,Lil' Wayne,Lil Wayne,Comfortable,Tha Carter III,6/10/2008,"['hip hop', 'new orleans rap', 'pop rap', 'rap', 'trap']",265240,52,0.596,0.83,6,-7.739,0,0.0863,0.0169,2.57E-05,0.585,0.682,94.199,4
Lil' Wayne,Comfortable,11/15/2017 13:40,John Mayer,Lil Wayne,Comfortable,Tha Carter III,6/10/2008,"['hip hop', 'new orleans rap', 'pop rap', 'rap', 'trap']",265240,52,0.596,0.83,6,-7.739,0,0.0863,0.0169,2.57E-05,0.585,0.682,94.199,4
The Seatbelts,Autumn In Ganymede,2/20/2018 19:39,The Seatbelts,Various Artists,Autumn In Ganymade,COWBOY BEBOP (Original Motion Picture Soundtrack 3 - Blue),5/1/1999,[],234840,38,0.69,0.758,7,-9.07,0,0.0332,0.000388,0.884,0.0853,0.72,132.988,4
The Seatbelts,Autumn In Ganymede,12/6/2017 0:24,The Seatbelts,Various Artists,Autumn In Ganymade,COWBOY BEBOP (Original Motion Picture Soundtrack 3 - Blue),5/1/1999,[],234840,38,0.69,0.758,7,-9.07,0,0.0332,0.000388,0.884,0.0853,0.72,132.988,4
The Seatbelts,Autumn In Ganymede,4/26/2017 11:02,Cowboy Bebop Ost 3 Blue,Various Artists,Autumn In Ganymade,COWBOY BEBOP (Original Motion Picture Soundtrack 3 - Blue),5/1/1999,[],234840,38,0.69,0.758,7,-9.07,0,0.0332,0.000388,0.884,0.0853,0.72,132.988,4
The Seatbelts,Autumn In Ganymede,4/23/2017 13:55,Cowboy Bebop Ost 3 Blue,Various Artists,Autumn In Ganymade,COWBOY BEBOP (Original Motion Picture Soundtrack 3 - Blue),5/1/1999,[],234840,38,0.69,0.758,7,-9.07,0,0.0332,0.000388,0.884,0.0853,0.72,132.988,4
The Seatbelts,Autumn In Ganymede,4/5/2017 18:17,Cowboy Bebop Ost 3 Blue,Various Artists,Autumn In Ganymade,COWBOY BEBOP (Original Motion Picture Soundtrack 3 - Blue),5/1/1999,[],234840,38,0.69,0.758,7,-9.07,0,0.0332,0.000388,0.884,0.0853,0.72,132.988,4
The Seatbelts,Autumn In Ganymede,3/20/2017 19:23,Cowboy Bebop Ost 3 Blue,Various Artists,Autumn In Ganymade,COWBOY BEBOP (Original Motion Picture Soundtrack 3 - Blue),5/1/1999,[],234840,38,0.69,0.758,7,-9.07,0,0.0332,0.000388,0.884,0.0853,0.72,132.988,4
Speaker Of The House,"Awake, Asleep",12/30/2017 11:51,Speaker Of The House X Remmi,Speaker Of The House,Awake Asleep,Awake Asleep,9/30/2016,['pop edm'],224680,31,0.671,0.856,6,-5.151,1,0.0391,0.0253,0.00139,0.143,0.27,99.979,4
Speaker Of The House,"Awake, Asleep",12/13/2017 14:58,Speaker Of The House X Remmi,Speaker Of The House,Awake Asleep,Awake Asleep,9/30/2016,['pop edm'],224680,31,0.671,0.856,6,-5.151,1,0.0391,0.0253,0.00139,0.143,0.27,99.979,4
Speaker Of The House,"Awake, Asleep",2/16/2017 19:51,Speaker Of The House X Remmi,Speaker Of The House,Awake Asleep,Awake Asleep,9/30/2016,['pop edm'],224680,31,0.671,0.856,6,-5.151,1,0.0391,0.0253,0.00139,0.143,0.27,99.979,4
Speaker Of The House,"Awake, Asleep",12/15/2016 5:09,Speaker Of The House X Remmi,Speaker Of The House,Awake Asleep,Awake Asleep,9/30/2016,['pop edm'],224680,31,0.671,0.856,6,-5.151,1,0.0391,0.0253,0.00139,0.143,0.27,99.979,4
Speaker Of The House,"Awake, Asleep",12/8/2016 18:21,Speaker Of The House X Remmi,Speaker Of The House,Awake Asleep,Awake Asleep,9/30/2016,['pop edm'],224680,31,0.671,0.856,6,-5.151,1,0.0391,0.0253,0.00139,0.143,0.27,99.979,4
Speaker Of The House,"Awake, Asleep",12/5/2016 1:26,Speaker Of The House X Remmi,Speaker Of The House,Awake Asleep,Awake Asleep,9/30/2016,['pop edm'],224680,31,0.671,0.856,6,-5.151,1,0.0391,0.0253,0.00139,0.143,0.27,99.979,4
Speaker Of The House,"Awake, Asleep",11/13/2016 1:15,Speaker Of The House X Remmi,Speaker Of The House,Awake Asleep,Awake Asleep,9/30/2016,['pop edm'],224680,31,0.671,0.856,6,-5.151,1,0.0391,0.0253,0.00139,0.143,0.27,99.979,4
Speaker Of The House X Remmi,"Awake, Asleep",10/15/2016 10:44,Speaker Of The House,Speaker Of The House,Awake Asleep,Awake Asleep,9/30/2016,['pop edm'],224680,31,0.671,0.856,6,-5.151,1,0.0391,0.0253,0.00139,0.143,0.27,99.979,4
Speaker Of The House X Remmi,"Awake, Asleep",10/10/2016 10:50,Speaker Of The House,Speaker Of The House,Awake Asleep,Awake Asleep,9/30/2016,['pop edm'],224680,31,0.671,0.856,6,-5.151,1,0.0391,0.0253,0.00139,0.143,0.27,99.979,4
Speaker Of The House X Remmi,"Awake, Asleep",10/9/2016 17:30,Speaker Of The House,Speaker Of The House,Awake Asleep,Awake Asleep,9/30/2016,['pop edm'],224680,31,0.671,0.856,6,-5.151,1,0.0391,0.0253,0.00139,0.143,0.27,99.979,4
Molotov Cocktail Piano,The Tourist,9/13/2017 20:59,Gonzales,Chilly Gonzales,The Tourist,Solo Piano,2004,['neo-classical'],170520,28,0.385,0.0721,5,-22.56,1,0.0579,0.992,0.946,0.161,0.0795,184.091,4
Molotov Cocktail Piano,The Tourist,5/24/2017 5:51,Gonzales,Chilly Gonzales,The Tourist,Solo Piano,2004,['neo-classical'],170520,28,0.385,0.0721,5,-22.56,1,0.0579,0.992,0.946,0.161,0.0795,184.091,4
Gonzales,The Tourist,4/25/2017 9:57,Molotov Cocktail Piano,Chilly Gonzales,The Tourist,Solo Piano,2004,['neo-classical'],170520,28,0.385,0.0721,5,-22.56,1,0.0579,0.992,0.946,0.161,0.0795,184.091,4
Gonzales,The Tourist,4/24/2017 14:34,Molotov Cocktail Piano,Chilly Gonzales,The Tourist,Solo Piano,2004,['neo-classical'],170520,28,0.385,0.0721,5,-22.56,1,0.0579,0.992,0.946,0.161,0.0795,184.091,4
Lil' Wayne,Mirror,9/3/2017 18:15,Lonemoon,Lil Wayne,Mirror,Tha Carter IV (Deluxe),1/1/2011,"['hip hop', 'new orleans rap', 'pop rap', 'rap', 'trap']",228093,64,0.331,0.622,5,-7.291,0,0.092,0.858,0,0.104,0.388,64.468,3
Lil' Wayne,Mirror,8/15/2017 21:33,Lonemoon,Lil Wayne,Mirror,Tha Carter IV (Deluxe),1/1/2011,"['hip hop', 'new orleans rap', 'pop rap', 'rap', 'trap']",228093,64,0.331,0.622,5,-7.291,0,0.092,0.858,0,0.104,0.388,64.468,3
Lil' Wayne,Mirror,7/12/2017 12:53,Lonemoon,Lil Wayne,Mirror,Tha Carter IV (Deluxe),1/1/2011,"['hip hop', 'new orleans rap', 'pop rap', 'rap', 'trap']",228093,64,0.331,0.622,5,-7.291,0,0.092,0.858,0,0.104,0.388,64.468,3
Lil' Wayne,Mirror,7/11/2017 21:17,Lonemoon,Lil Wayne,Mirror,Tha Carter IV (Deluxe),1/1/2011,"['hip hop', 'new orleans rap', 'pop rap', 'rap', 'trap']",228093,64,0.331,0.622,5,-7.291,0,0.092,0.858,0,0.104,0.388,64.468,3
Lil' Wayne,Mirror,1/25/2017 20:34,Lonemoon,Lil Wayne,Mirror,Tha Carter IV (Deluxe),1/1/2011,"['hip hop', 'new orleans rap', 'pop rap', 'rap', 'trap']",228093,64,0.331,0.622,5,-7.291,0,0.092,0.858,0,0.104,0.388,64.468,3
Lil' Wayne,Mirror,12/30/2016 19:52,Lonemoon,Lil Wayne,Mirror,Tha Carter IV (Deluxe),1/1/2011,"['hip hop', 'new orleans rap', 'pop rap', 'rap', 'trap']",228093,64,0.331,0.622,5,-7.291,0,0.092,0.858,0,0.104,0.388,64.468,3
Lonemoon,Mirror,12/1/2016 1:18,Lil' Wayne,Lil Wayne,Mirror,Tha Carter IV (Deluxe),1/1/2011,"['hip hop', 'new orleans rap', 'pop rap', 'rap', 'trap']",228093,64,0.331,0.622,5,-7.291,0,0.092,0.858,0,0.104,0.388,64.468,3
Tomohito Nishiura,Last Battle,7/13/2017 1:29,Paweł Błaszczak,Pawel Blaszczak,Last Battle,The Witcher (Original Game Soundtrack),9/9/2015,['video game music'],74626,32,0.527,0.827,4,-8.095,0,0.0601,0.0778,0.854,0.0997,0.316,119.992,3
Tomohito Nishiura,Last Battle,5/11/2017 2:08,Paweł Błaszczak,Pawel Blaszczak,Last Battle,The Witcher (Original Game Soundtrack),9/9/2015,['video game music'],74626,32,0.527,0.827,4,-8.095,0,0.0601,0.0778,0.854,0.0997,0.316,119.992,3
Tomohito Nishiura,Last Battle,4/23/2017 11:33,Paweł Błaszczak,Pawel Blaszczak,Last Battle,The Witcher (Original Game Soundtrack),9/9/2015,['video game music'],74626,32,0.527,0.827,4,-8.095,0,0.0601,0.0778,0.854,0.0997,0.316,119.992,3
Tomohito Nishiura,Last Battle,4/12/2017 22:46,Paweł Błaszczak,Pawel Blaszczak,Last Battle,The Witcher (Original Game Soundtrack),9/9/2015,['video game music'],74626,32,0.527,0.827,4,-8.095,0,0.0601,0.0778,0.854,0.0997,0.316,119.992,3
Pawel Blaszczak,Last Battle,3/9/2017 22:23,Tomohito Nishiura,Pawel Blaszczak,Last Battle,The Witcher (Original Game Soundtrack),9/9/2015,['video game music'],74626,32,0.527,0.827,4,-8.095,0,0.0601,0.0778,0.854,0.0997,0.316,119.992,3
Pawel Blaszczak,Last Battle,3/9/2017 22:23,Paweł Błaszczak,Pawel Blaszczak,Last Battle,The Witcher (Original Game Soundtrack),9/9/2015,['video game music'],74626,32,0.527,0.827,4,-8.095,0,0.0601,0.0778,0.854,0.0997,0.316,119.992,3
Pawel Blaszczak,Last Battle,2/7/2017 7:21,Tomohito Nishiura,Pawel Blaszczak,Last Battle,The Witcher (Original Game Soundtrack),9/9/2015,['video game music'],74626,32,0.527,0.827,4,-8.095,0,0.0601,0.0778,0.854,0.0997,0.316,119.992,3
Pawel Blaszczak,Last Battle,2/7/2017 7:21,Paweł Błaszczak,Pawel Blaszczak,Last Battle,The Witcher (Original Game Soundtrack),9/9/2015,['video game music'],74626,32,0.527,0.827,4,-8.095,0,0.0601,0.0778,0.854,0.0997,0.316,119.992,3
