,name,album,artist,release_date,genres,length,popularity,danceability,energy,key,loudness,mode,speechiness,acousticness,instrumentalness,liveness,valence,tempo,time_signature
0,Airbag - Remastered,OK Computer OKNOTOK 1997 2017,Radiohead,2017-06-23,"['alternative rock', 'art rock', 'melancholia', 'oxford indie', 'permanent wave', 'rock']",283800,48,0.319,0.935,2,-5.709,1,0.0548,0.00989,0.824,0.128,0.63,167.677,4
1,Paranoid Android - Remastered,OK Computer OKNOTOK 1997 2017,Radiohead,2017-06-23,"['alternative rock', 'art rock', 'melancholia', 'oxford indie', 'permanent wave', 'rock']",383973,52,0.332,0.826,2,-7.269,0,0.0497,0.0275,0.0084,0.234,0.216,125.636,4
2,Subterranean Homesick Alien - Remastered,OK Computer OKNOTOK 1997 2017,Radiohead,2017-06-23,"['alternative rock', 'art rock', 'melancholia', 'oxford indie', 'permanent wave', 'rock']",269093,47,0.326,0.636,0,-7.092,1,0.0286,0.0261,0.00512,0.108,0.256,149.632,3
3,Exit Music (For a Film) - Remastered,OK Computer OKNOTOK 1997 2017,Radiohead,2017-06-23,"['alternative rock', 'art rock', 'melancholia', 'oxford indie', 'permanent wave', 'rock']",265053,50,0.355,0.296,7,-10.074,1,0.0321,0.148,0.13,0.644,0.205,121.599,4
4,Let Down - Remastered,OK Computer OKNOTOK 1997 2017,Radiohead,2017-06-23,"['alternative rock', 'art rock', 'melancholia', 'oxford indie', 'permanent wave', 'rock']",299280,49,0.364,0.752,9,-7.125,1,0.0312,8.69e-05,0.361,0.093,0.122,102.754,4
5,Karma Police - Remastered,OK Computer OKNOTOK 1997 2017,Radiohead,2017-06-23,"['alternative rock', 'art rock', 'melancholia', 'oxford indie', 'permanent wave', 'rock']",261426,49,0.389,0.577,7,-7.578,1,0.0276,0.0397,5.23e-05,0.107,0.367,74.551,4
6,Fitter Happier - Remastered,OK Computer OKNOTOK 1997 2017,Radiohead,2017-06-23,"['alternative rock', 'art rock', 'melancholia', 'oxford indie', 'permanent wave', 'rock']",117386,43,0.434,0.368,8,-15.419,1,0.231,0.836,0.0033,0.123,0.689,127.186,4
7,Electioneering - Remastered,OK Computer OKNOTOK 1997 2017,Radiohead,2017-06-23,"['alternative rock', 'art rock', 'melancholia', 'oxford indie', 'permanent wave', 'rock']",230573,44,0.204,0.951,9,-4.345,0,0.0621,0.00248,0.111,0.267,0.44,78.84,4
8,Climbing Up the Walls - Remastered,OK Computer OKNOTOK 1997 2017,Radiohead,2017-06-23,"['alternative rock', 'art rock', 'melancholia', 'oxford indie', 'permanent wave', 'rock']",285133,45,0.266,0.633,11,-6.933,0,0.0386,0.0929,0.482,0.185,0.227,66.425,4
9,No Surprises - Remastered,OK Computer OKNOTOK 1997 2017,Radiohead,2017-06-23,"['alternative rock', 'art rock', 'melancholia', 'oxford indie', 'permanent wave', 'rock']",228386,49,0.274,0.449,5,-9.303,1,0.0279,0.0392,0.0043,0.114,0.0797,76.154,4
10,Lucky - Remastered,OK Computer OKNOTOK 1997 2017,Radiohead,2017-06-23,"['alternative rock', 'art rock', 'melancholia', 'oxford indie', 'permanent wave', 'rock']",259959,45,0.233,0.453,11,-9.31,0,0.0331,0.101,0.602,0.113,0.152,131.644,4
11,The Tourist - Remastered,OK Computer OKNOTOK 1997 2017,Radiohead,2017-06-23,"['alternative rock', 'art rock', 'melancholia', 'oxford indie', 'permanent wave', 'rock']",323535,44,0.248,0.328,1,-7.477,0,0.032,0.256,0.0781,0.105,0.0398,114.243,5
12,I Promise,OK Computer OKNOTOK 1997 2017,Radiohead,2017-06-23,"['alternative rock', 'art rock', 'melancholia', 'oxford indie', 'permanent wave', 'rock']",239226,54,0.441,0.435,11,-8.457,0,0.0261,0.389,0.0974,0.0982,0.487,155.19,3
13,Man of War,OK Computer OKNOTOK 1997 2017,Radiohead,2017-06-23,"['alternative rock', 'art rock', 'melancholia', 'oxford indie', 'permanent wave', 'rock']",269093,52,0.274,0.472,9,-7.614,0,0.0263,0.0131,0.069,0.0802,0.14,148.996,4
14,Lift,OK Computer OKNOTOK 1997 2017,Radiohead,2017-06-23,"['alternative rock', 'art rock', 'melancholia', 'oxford indie', 'permanent wave', 'rock']",246840,48,0.309,0.547,4,-7.752,1,0.0297,0.00226,0.836,0.108,0.157,156.736,4
15,Lull - Remastered,OK Computer OKNOTOK 1997 2017,Radiohead,2017-06-23,"['alternative rock', 'art rock', 'melancholia', 'oxford indie', 'permanent wave', 'rock']",145840,43,0.237,0.617,0,-6.908,1,0.0339,0.719,0.000668,0.23,0.156,103.061,4
16,Meeting in the Aisle - Remastered,OK Computer OKNOTOK 1997 2017,Radiohead,2017-06-23,"['alternative rock', 'art rock', 'melancholia', 'oxford indie', 'permanent wave', 'rock']",187706,43,0.385,0.776,4,-4.871,1,0.0316,0.0129,0.402,0.291,0.148,202.052,4
17,Melatonin - Remastered,OK Computer OKNOTOK 1997 2017,Radiohead,2017-06-23,"['alternative rock', 'art rock', 'melancholia', 'oxford indie', 'permanent wave', 'rock']",128733,41,0.243,0.485,2,-7.813,1,0.0413,0.545,0.0748,0.105,0.0528,125.833,4
18,A Reminder - Remastered,OK Computer OKNOTOK 1997 2017,Radiohead,2017-06-23,"['alternative rock', 'art rock', 'melancholia', 'oxford indie', 'permanent wave', 'rock']",232386,41,0.306,0.5,9,-9.837,1,0.0276,0.5,0.437,0.227,0.139,76.918,3
19,Polyethylene (Parts 1 & 2) - Remastered,OK Computer OKNOTOK 1997 2017,Radiohead,2017-06-23,"['alternative rock', 'art rock', 'melancholia', 'oxford indie', 'permanent wave', 'rock']",262466,43,0.22,0.499,2,-8.363,1,0.0355,0.000573,0.00122,0.171,0.209,148.994,4
20,Pearly* - Remastered,OK Computer OKNOTOK 1997 2017,Radiohead,2017-06-23,"['alternative rock', 'art rock', 'melancholia', 'oxford indie', 'permanent wave', 'rock']",218597,41,0.324,0.853,4,-5.811,0,0.0475,4.86e-05,0.303,0.301,0.317,117.705,4
21,Palo Alto - Remastered,OK Computer OKNOTOK 1997 2017,Radiohead,2017-06-23,"['alternative rock', 'art rock', 'melancholia', 'oxford indie', 'permanent wave', 'rock']",231815,40,0.406,0.819,2,-7.825,1,0.0738,0.00777,0.00248,0.11,0.325,116.9,4
22,How I Made My Millions - Remastered,OK Computer OKNOTOK 1997 2017,Radiohead,2017-06-23,"['alternative rock', 'art rock', 'melancholia', 'oxford indie', 'permanent wave', 'rock']",187116,46,0.251,0.243,2,-10.896,1,0.0307,0.989,0.845,0.126,0.247,177.427,4
23,Burn the Witch,A Moon Shaped Pool,Radiohead,2016-05-08,"['alternative rock', 'art rock', 'melancholia', 'oxford indie', 'permanent wave', 'rock']",220609,57,0.541,0.847,11,-6.52,1,0.0297,0.303,0.271,0.109,0.62,148.937,4
24,Daydreaming,A Moon Shaped Pool,Radiohead,2016-05-08,"['alternative rock', 'art rock', 'melancholia', 'oxford indie', 'permanent wave', 'rock']",384438,60,0.299,0.263,9,-13.207,0,0.0323,0.968,0.857,0.126,0.113,137.848,3
25,Decks Dark,A Moon Shaped Pool,Radiohead,2016-05-08,"['alternative rock', 'art rock', 'melancholia', 'oxford indie', 'permanent wave', 'rock']",281011,58,0.56,0.5,2,-10.829,0,0.0272,0.668,0.833,0.117,0.249,139.174,4
26,Desert Island Disk,A Moon Shaped Pool,Radiohead,2016-05-08,"['alternative rock', 'art rock', 'melancholia', 'oxford indie', 'permanent wave', 'rock']",224698,51,0.561,0.282,0,-13.241,1,0.0286,0.868,0.529,0.11,0.158,112.011,1
27,Ful Stop,A Moon Shaped Pool,Radiohead,2016-05-08,"['alternative rock', 'art rock', 'melancholia', 'oxford indie', 'permanent wave', 'rock']",367348,52,0.426,0.661,0,-9.877,1,0.0503,0.353,0.94,0.619,0.178,151.191,3
28,Glass Eyes,A Moon Shaped Pool,Radiohead,2016-05-08,"['alternative rock', 'art rock', 'melancholia', 'oxford indie', 'permanent wave', 'rock']",172935,51,0.218,0.11,8,-15.721,1,0.0344,0.955,0.557,0.138,0.0616,105.113,4
29,Identikit,A Moon Shaped Pool,Radiohead,2016-05-08,"['alternative rock', 'art rock', 'melancholia', 'oxford indie', 'permanent wave', 'rock']",266643,52,0.692,0.458,11,-9.461,0,0.0403,0.0635,0.516,0.136,0.35,150.695,4
30,The Numbers,A Moon Shaped Pool,Radiohead,2016-05-08,"['alternative rock', 'art rock', 'melancholia', 'oxford indie', 'permanent wave', 'rock']",345886,51,0.282,0.372,5,-9.771,1,0.0316,0.652,0.416,0.0754,0.0552,105.215,3
31,Present Tense,A Moon Shaped Pool,Radiohead,2016-05-08,"['alternative rock', 'art rock', 'melancholia', 'oxford indie', 'permanent wave', 'rock']",306581,58,0.479,0.407,1,-12.428,0,0.0346,0.912,0.401,0.11,0.338,91.91,4
32,Tinker Tailor Soldier Sailor Rich Man Poor Man Beggar Man Thief,A Moon Shaped Pool,Radiohead,2016-05-08,"['alternative rock', 'art rock', 'melancholia', 'oxford indie', 'permanent wave', 'rock']",303688,49,0.336,0.435,8,-10.944,0,0.0305,0.73,0.797,0.106,0.0507,88.205,4
33,True Love Waits,A Moon Shaped Pool,Radiohead,2016-05-08,"['alternative rock', 'art rock', 'melancholia', 'oxford indie', 'permanent wave', 'rock']",283463,58,0.282,0.132,0,-15.569,1,0.0375,0.938,0.104,0.1,0.0379,136.186,4
34,Little By Little (Caribou Rmx),TKOL RMX 1234567,Radiohead,2011-10-10,"['alternative rock', 'art rock', 'melancholia', 'oxford indie', 'permanent wave', 'rock']",340160,39,0.8,0.586,2,-9.633,1,0.0601,0.00822,0.773,0.0846,0.126,115.62,4
35,Lotus Flower (Jacques Greene Rmx),TKOL RMX 1234567,Radiohead,2011-10-10,"['alternative rock', 'art rock', 'melancholia', 'oxford indie', 'permanent wave', 'rock']",429946,39,0.629,0.592,2,-8.405,0,0.0327,0.0589,0.938,0.0951,0.169,127.982,4
36,Morning Mr Magpie (Nathan Fake Rmx),TKOL RMX 1234567,Radiohead,2011-10-10,"['alternative rock', 'art rock', 'melancholia', 'oxford indie', 'permanent wave', 'rock']",291986,33,0.661,0.707,0,-7.023,1,0.232,0.0825,0.0772,0.117,0.846,139.976,4
37,Bloom (Harmonic 313 Rmx),TKOL RMX 1234567,Radiohead,2011-10-10,"['alternative rock', 'art rock', 'melancholia', 'oxford indie', 'permanent wave', 'rock']",304333,32,0.443,0.665,9,-13.055,0,0.0536,0.102,0.937,0.111,0.185,150.023,4
38,Bloom (Mark Pritchard Rmx),TKOL RMX 1234567,Radiohead,2011-10-10,"['alternative rock', 'art rock', 'melancholia', 'oxford indie', 'permanent wave', 'rock']",367280,31,0.414,0.712,0,-7.97,1,0.0325,0.000801,0.936,0.119,0.286,75.007,4
39,Feral (Lone RMX),TKOL RMX 1234567,Radiohead,2011-10-10,"['alternative rock', 'art rock', 'melancholia', 'oxford indie', 'permanent wave', 'rock']",317506,31,0.761,0.877,7,-7.806,1,0.174,0.0955,0.00018,0.611,0.222,134.938,4
40,Morning Mr Magpie (Pearson Sound Scavenger RMX),TKOL RMX 1234567,Radiohead,2011-10-10,"['alternative rock', 'art rock', 'melancholia', 'oxford indie', 'permanent wave', 'rock']",278893,30,0.481,0.336,0,-12.43,1,0.0674,0.0147,0.834,0.232,0.0901,132.035,3
41,Separator (Four Tet RMX),TKOL RMX 1234567,Radiohead,2011-10-10,"['alternative rock', 'art rock', 'melancholia', 'oxford indie', 'permanent wave', 'rock']",423000,32,0.461,0.455,10,-12.403,0,0.0716,0.443,0.641,0.0812,0.375,113.752,4
42,Give Up The Ghost (Thriller Houseghost Remix),TKOL RMX 1234567,Radiohead,2011-10-10,"['alternative rock', 'art rock', 'melancholia', 'oxford indie', 'permanent wave', 'rock']",373760,30,0.596,0.894,4,-9.477,0,0.102,0.313,0.849,0.115,0.143,119.968,4
43,Codex (Illum Sphere),TKOL RMX 1234567,Radiohead,2011-10-10,"['alternative rock', 'art rock', 'melancholia', 'oxford indie', 'permanent wave', 'rock']",274373,30,0.441,0.575,2,-10.58,0,0.0332,0.464,0.00509,0.387,0.0678,72.52,1
44,Little By Little (Shed),TKOL RMX 1234567,Radiohead,2011-10-10,"['alternative rock', 'art rock', 'melancholia', 'oxford indie', 'permanent wave', 'rock']",289893,29,0.344,0.79,10,-9.084,0,0.214,0.0681,0.391,0.344,0.472,173.143,5
45,Give Up The Ghost (Brokenchord Rmx),TKOL RMX 1234567,Radiohead,2011-10-10,"['alternative rock', 'art rock', 'melancholia', 'oxford indie', 'permanent wave', 'rock']",305000,29,0.454,0.615,2,-9.076,1,0.0912,0.0418,0.0834,0.201,0.0964,149.942,4
46,TKOL (Altrice Rmx),TKOL RMX 1234567,Radiohead,2011-10-10,"['alternative rock', 'art rock', 'melancholia', 'oxford indie', 'permanent wave', 'rock']",362880,29,0.574,0.324,10,-16.645,0,0.0496,0.0898,0.856,0.11,0.0382,99.097,4
47,Bloom (Blawan Rmx),TKOL RMX 1234567,Radiohead,2011-10-10,"['alternative rock', 'art rock', 'melancholia', 'oxford indie', 'permanent wave', 'rock']",449493,29,0.582,0.949,7,-7.958,1,0.154,0.00079,0.606,0.0898,0.0327,123.999,4
48,Good Evening Mrs Magpie (Modeselektor RMX),TKOL RMX 1234567,Radiohead,2011-10-10,"['alternative rock', 'art rock', 'melancholia', 'oxford indie', 'permanent wave', 'rock']",464440,31,0.774,0.637,7,-11.858,1,0.0641,0.0145,0.816,0.111,0.0438,133.079,4
49,Bloom (Objekt RMX),TKOL RMX 1234567,Radiohead,2011-10-10,"['alternative rock', 'art rock', 'melancholia', 'oxford indie', 'permanent wave', 'rock']",321426,27,0.832,0.674,1,-9.099,1,0.0657,0.00162,0.799,0.0933,0.237,123.99,4
50,Bloom (Jamie xx Rework),TKOL RMX 1234567,Radiohead,2011-10-10,"['alternative rock', 'art rock', 'melancholia', 'oxford indie', 'permanent wave', 'rock']",148760,32,0.458,0.54,9,-11.866,0,0.0354,0.651,0.056,0.205,0.189,126.637,4
51,Separator (Anstam RMX),TKOL RMX 1234567,Radiohead,2011-10-10,"['alternative rock', 'art rock', 'melancholia', 'oxford indie', 'permanent wave', 'rock']",290280,41,0.746,0.916,9,-7.797,0,0.249,0.00769,0.811,0.182,0.117,135.045,4
52,Lotus Flower (SBTRKT RMX),TKOL RMX 1234567,Radiohead,2011-10-10,"['alternative rock', 'art rock', 'melancholia', 'oxford indie', 'permanent wave', 'rock']",321933,31,0.792,0.49,2,-8.229,1,0.0472,0.00824,0.724,0.267,0.422,133.033,4
53,Bloom,The King Of Limbs,Radiohead,2011-02-18,"['alternative rock', 'art rock', 'melancholia', 'oxford indie', 'permanent wave', 'rock']",313671,51,0.518,0.959,0,-7.596,0,0.157,0.62,0.884,0.0831,0.341,149.722,4
54,Morning Mr Magpie,The King Of Limbs,Radiohead,2011-02-18,"['alternative rock', 'art rock', 'melancholia', 'oxford indie', 'permanent wave', 'rock']",280719,46,0.648,0.588,5,-10.993,1,0.052,0.42,0.84,0.141,0.403,70.124,4
55,Little By Little,The King Of Limbs,Radiohead,2011-02-18,"['alternative rock', 'art rock', 'melancholia', 'oxford indie', 'permanent wave', 'rock']",267154,46,0.619,0.886,4,-8.423,0,0.0376,0.427,0.411,0.212,0.604,115.625,4
56,Feral,The King Of Limbs,Radiohead,2011-02-18,"['alternative rock', 'art rock', 'melancholia', 'oxford indie', 'permanent wave', 'rock']",192742,44,0.49,0.777,7,-11.521,1,0.0974,0.00101,0.898,0.0896,0.729,135.991,4
57,Lotus Flower,The King Of Limbs,Radiohead,2011-02-18,"['alternative rock', 'art rock', 'melancholia', 'oxford indie', 'permanent wave', 'rock']",300219,58,0.721,0.676,2,-8.78,0,0.0321,0.0895,0.336,0.0826,0.621,127.997,4
58,Codex,The King Of Limbs,Radiohead,2011-02-18,"['alternative rock', 'art rock', 'melancholia', 'oxford indie', 'permanent wave', 'rock']",287066,54,0.327,0.128,2,-17.536,0,0.0301,0.841,0.76,0.13,0.0648,58.993,4
59,Give Up The Ghost,The King Of Limbs,Radiohead,2011-02-18,"['alternative rock', 'art rock', 'melancholia', 'oxford indie', 'permanent wave', 'rock']",290067,47,0.26,0.264,7,-12.279,1,0.0299,0.885,0.0799,0.191,0.159,79.652,4
60,Separator,The King Of Limbs,Radiohead,2011-02-18,"['alternative rock', 'art rock', 'melancholia', 'oxford indie', 'permanent wave', 'rock']",319249,48,0.693,0.776,3,-9.804,1,0.056,0.0395,0.737,0.0884,0.659,113.808,4
61,15 Step,In Rainbows,Radiohead,2007-12-28,"['alternative rock', 'art rock', 'melancholia', 'oxford indie', 'permanent wave', 'rock']",237293,61,0.6,0.853,1,-7.584,1,0.0423,0.0489,0.346,0.0934,0.847,94.457,4
62,Bodysnatchers,In Rainbows,Radiohead,2007-12-28,"['alternative rock', 'art rock', 'melancholia', 'oxford indie', 'permanent wave', 'rock']",242293,59,0.343,0.977,2,-4.993,1,0.0579,0.00455,0.0197,0.0948,0.727,166.664,4
63,Nude,In Rainbows,Radiohead,2007-12-28,"['alternative rock', 'art rock', 'melancholia', 'oxford indie', 'permanent wave', 'rock']",255386,65,0.537,0.342,4,-9.785,1,0.0338,0.833,0.6,0.0856,0.156,128.331,3
64,Weird Fishes/ Arpeggi,In Rainbows,Radiohead,2007-12-28,"['alternative rock', 'art rock', 'melancholia', 'oxford indie', 'permanent wave', 'rock']",318186,66,0.538,0.61,11,-8.027,0,0.0392,0.774,0.749,0.0909,0.199,152.999,4
65,All I Need,In Rainbows,Radiohead,2007-12-28,"['alternative rock', 'art rock', 'melancholia', 'oxford indie', 'permanent wave', 'rock']",228746,62,0.668,0.477,4,-8.709,0,0.0358,0.517,0.446,0.139,0.0966,88.005,4
66,Faust Arp,In Rainbows,Radiohead,2007-12-28,"['alternative rock', 'art rock', 'melancholia', 'oxford indie', 'permanent wave', 'rock']",129680,57,0.338,0.289,0,-13.479,1,0.0366,0.834,0.344,0.0966,0.226,121.857,3
67,Reckoner,In Rainbows,Radiohead,2007-12-28,"['alternative rock', 'art rock', 'melancholia', 'oxford indie', 'permanent wave', 'rock']",290213,62,0.518,0.656,4,-7.438,0,0.0264,0.511,0.156,0.0679,0.203,104.282,4
68,House Of Cards,In Rainbows,Radiohead,2007-12-28,"['alternative rock', 'art rock', 'melancholia', 'oxford indie', 'permanent wave', 'rock']",328293,63,0.71,0.496,5,-9.638,1,0.0297,0.278,0.581,0.101,0.637,111.662,4
69,Jigsaw Falling Into Place,In Rainbows,Radiohead,2007-12-28,"['alternative rock', 'art rock', 'melancholia', 'oxford indie', 'permanent wave', 'rock']",248893,63,0.461,0.833,11,-6.082,0,0.0481,0.105,0.00419,0.0741,0.808,165.635,4
70,Videotape,In Rainbows,Radiohead,2007-12-28,"['alternative rock', 'art rock', 'melancholia', 'oxford indie', 'permanent wave', 'rock']",279634,57,0.581,0.384,9,-11.195,1,0.0336,0.697,0.813,0.0889,0.0466,77.412,4
71,MK 1,In Rainbows (Disk 2),Radiohead,2007-12-03,"['alternative rock', 'art rock', 'melancholia', 'oxford indie', 'permanent wave', 'rock']",62929,41,0.156,0.0962,1,-27.01,0,0.0345,0.991,0.987,0.0929,0.0389,80.148,4
72,Down Is The New Up,In Rainbows (Disk 2),Radiohead,2007-12-03,"['alternative rock', 'art rock', 'melancholia', 'oxford indie', 'permanent wave', 'rock']",299283,43,0.532,0.845,4,-6.967,0,0.0433,0.129,0.297,0.119,0.125,104.807,4
73,Go Slowly,In Rainbows (Disk 2),Radiohead,2007-12-03,"['alternative rock', 'art rock', 'melancholia', 'oxford indie', 'permanent wave', 'rock']",228236,49,0.43,0.393,11,-8.556,0,0.0311,0.883,0.782,0.131,0.0439,108.154,4
74,MK 2,In Rainbows (Disk 2),Radiohead,2007-12-03,"['alternative rock', 'art rock', 'melancholia', 'oxford indie', 'permanent wave', 'rock']",53004,39,0.257,0.263,2,-15.292,0,0.057,0.995,0.97,0.0971,0.039,131.412,3
75,Last Flowers,In Rainbows (Disk 2),Radiohead,2007-12-03,"['alternative rock', 'art rock', 'melancholia', 'oxford indie', 'permanent wave', 'rock']",266478,51,0.558,0.307,0,-8.236,1,0.0296,0.92,0.000744,0.112,0.304,75.807,4
76,Up On The Ladder,In Rainbows (Disk 2),Radiohead,2007-12-03,"['alternative rock', 'art rock', 'melancholia', 'oxford indie', 'permanent wave', 'rock']",257170,47,0.459,0.617,5,-7.567,0,0.0285,0.00403,0.573,0.633,0.133,91.469,4
77,Bangers + Mash,In Rainbows (Disk 2),Radiohead,2007-12-03,"['alternative rock', 'art rock', 'melancholia', 'oxford indie', 'permanent wave', 'rock']",199502,42,0.637,0.98,9,-4.981,0,0.115,0.0307,0.000657,0.601,0.65,135.991,4
78,4 Minute Warning,In Rainbows (Disk 2),Radiohead,2007-12-03,"['alternative rock', 'art rock', 'melancholia', 'oxford indie', 'permanent wave', 'rock']",244284,49,0.354,0.302,9,-13.078,1,0.0326,0.59,0.0709,0.111,0.223,123.753,4
79,2 + 2 = 5,Hail To the Thief,Radiohead,2003,"['alternative rock', 'art rock', 'melancholia', 'oxford indie', 'permanent wave', 'rock']",199360,57,0.443,0.717,5,-5.498,0,0.0504,0.182,5.1e-05,0.345,0.386,149.582,4
80,Sit Down. Stand Up,Hail To the Thief,Radiohead,2003,"['alternative rock', 'art rock', 'melancholia', 'oxford indie', 'permanent wave', 'rock']",259973,48,0.483,0.559,5,-7.434,0,0.0403,0.0157,0.491,0.0562,0.52,161.046,4
81,Sail To The Moon,Hail To the Thief,Radiohead,2003,"['alternative rock', 'art rock', 'melancholia', 'oxford indie', 'permanent wave', 'rock']",258360,50,0.372,0.295,9,-10.949,0,0.0315,0.797,0.552,0.0977,0.054,111.871,4
82,Backdrifts,Hail To the Thief,Radiohead,2003,"['alternative rock', 'art rock', 'melancholia', 'oxford indie', 'permanent wave', 'rock']",322600,51,0.718,0.718,11,-10.06,1,0.0786,0.647,0.297,0.108,0.732,93.065,4
83,Go To Sleep,Hail To the Thief,Radiohead,2003,"['alternative rock', 'art rock', 'melancholia', 'oxford indie', 'permanent wave', 'rock']",201506,51,0.288,0.86,2,-6.311,0,0.0393,0.103,0.000399,0.102,0.66,161.194,4
84,Where I End and You Begin,Hail To the Thief,Radiohead,2003,"['alternative rock', 'art rock', 'melancholia', 'oxford indie', 'permanent wave', 'rock']",269293,50,0.297,0.714,8,-7.863,1,0.0351,0.0626,0.859,0.142,0.486,121.326,4
85,We Suck Young Blood,Hail To the Thief,Radiohead,2003,"['alternative rock', 'art rock', 'melancholia', 'oxford indie', 'permanent wave', 'rock']",296706,45,0.135,0.239,3,-11.075,0,0.0309,0.878,0.0292,0.105,0.0378,77.042,4
86,The Gloaming,Hail To the Thief,Radiohead,2003,"['alternative rock', 'art rock', 'melancholia', 'oxford indie', 'permanent wave', 'rock']",212026,45,0.44,0.609,4,-13.37,0,0.278,0.106,0.11,0.382,0.115,133.243,4
87,"There, There",Hail To the Thief,Radiohead,2003,"['alternative rock', 'art rock', 'melancholia', 'oxford indie', 'permanent wave', 'rock']",323600,58,0.614,0.677,9,-8.317,0,0.0323,0.0193,0.518,0.108,0.717,126.477,4
88,I Will,Hail To the Thief,Radiohead,2003,"['alternative rock', 'art rock', 'melancholia', 'oxford indie', 'permanent wave', 'rock']",119466,47,0.254,0.133,1,-14.06,0,0.0326,0.946,0.00011,0.113,0.169,75.234,4
89,A Punch Up At a Wedding,Hail To the Thief,Radiohead,2003,"['alternative rock', 'art rock', 'melancholia', 'oxford indie', 'permanent wave', 'rock']",297333,50,0.603,0.507,11,-9.965,0,0.0266,0.0786,0.0531,0.0919,0.568,79.039,4
90,Myxomatosis,Hail To the Thief,Radiohead,2003,"['alternative rock', 'art rock', 'melancholia', 'oxford indie', 'permanent wave', 'rock']",232533,48,0.499,0.815,7,-7.079,1,0.0361,0.00018,0.721,0.299,0.57,99.124,4
91,Scatterbrain,Hail To the Thief,Radiohead,2003,"['alternative rock', 'art rock', 'melancholia', 'oxford indie', 'permanent wave', 'rock']",201706,46,0.492,0.753,7,-8.617,1,0.0314,0.0316,0.0587,0.0617,0.234,126.138,4
92,A Wolf At the Door,Hail To the Thief,Radiohead,2003,"['alternative rock', 'art rock', 'melancholia', 'oxford indie', 'permanent wave', 'rock']",201333,52,0.48,0.675,7,-7.134,1,0.029,0.265,4.23e-06,0.235,0.37,138.784,3
93,Packt Like Sardines In a Crushed Tin Box,Amnesiac,Radiohead,2001-03-12,"['alternative rock', 'art rock', 'melancholia', 'oxford indie', 'permanent wave', 'rock']",240333,48,0.667,0.638,0,-12.715,1,0.0384,0.73,0.864,0.0933,0.652,124.615,4
94,Pyramid Song,Amnesiac,Radiohead,2001-03-12,"['alternative rock', 'art rock', 'melancholia', 'oxford indie', 'permanent wave', 'rock']",288733,61,0.127,0.335,11,-8.298,0,0.0329,0.786,0.427,0.111,0.0686,77.078,4
95,Pulk/Pull Revolving Doors,Amnesiac,Radiohead,2001-03-12,"['alternative rock', 'art rock', 'melancholia', 'oxford indie', 'permanent wave', 'rock']",247266,45,0.58,0.625,10,-12.073,0,0.0903,5.46e-05,0.725,0.1,0.14,97.043,4
96,You And Whose Army?,Amnesiac,Radiohead,2001-03-12,"['alternative rock', 'art rock', 'melancholia', 'oxford indie', 'permanent wave', 'rock']",191000,56,0.295,0.15,1,-10.243,0,0.0325,0.794,0.208,0.103,0.131,137.393,4
97,I Might Be Wrong,Amnesiac,Radiohead,2001-03-12,"['alternative rock', 'art rock', 'melancholia', 'oxford indie', 'permanent wave', 'rock']",293773,58,0.601,0.735,7,-8.321,0,0.0255,0.263,0.795,0.11,0.505,102.891,4
98,Knives Out,Amnesiac,Radiohead,2001-03-12,"['alternative rock', 'art rock', 'melancholia', 'oxford indie', 'permanent wave', 'rock']",254866,57,0.433,0.675,2,-6.702,0,0.0337,0.0911,0.293,0.159,0.184,137.268,4
99,Morning Bell/Amnesiac,Amnesiac,Radiohead,2001-03-12,"['alternative rock', 'art rock', 'melancholia', 'oxford indie', 'permanent wave', 'rock']",194266,45,0.325,0.421,2,-6.23,1,0.0324,0.712,0.0495,0.0956,0.186,62.239,4
100,Dollars & Cents,Amnesiac,Radiohead,2001-03-12,"['alternative rock', 'art rock', 'melancholia', 'oxford indie', 'permanent wave', 'rock']",291733,45,0.325,0.565,7,-7.303,1,0.0306,0.395,0.245,0.112,0.0881,138.302,4
101,Hunting Bears,Amnesiac,Radiohead,2001-03-12,"['alternative rock', 'art rock', 'melancholia', 'oxford indie', 'permanent wave', 'rock']",121200,48,0.302,0.265,7,-12.203,1,0.0431,0.853,0.926,0.0962,0.0742,140.207,4
102,Like Spinning Plates,Amnesiac,Radiohead,2001-03-12,"['alternative rock', 'art rock', 'melancholia', 'oxford indie', 'permanent wave', 'rock']",237466,45,0.493,0.41,1,-13.303,0,0.0646,0.713,0.907,0.23,0.218,138.462,4
103,Life In a Glasshouse,Amnesiac,Radiohead,2001-03-12,"['alternative rock', 'art rock', 'melancholia', 'oxford indie', 'permanent wave', 'rock']",276693,49,0.168,0.397,7,-7.619,0,0.0323,0.731,0.0378,0.116,0.0497,84.393,4
104,The National Anthem (Live in France),I Might Be Wrong,Radiohead,2001,"['alternative rock', 'art rock', 'melancholia', 'oxford indie', 'permanent wave', 'rock']",297533,35,0.344,0.864,2,-5.679,1,0.0385,0.00839,0.767,0.699,0.289,96.333,4
105,I Might Be Wrong (Live),I Might Be Wrong,Radiohead,2001,"['alternative rock', 'art rock', 'melancholia', 'oxford indie', 'permanent wave', 'rock']",292133,36,0.409,0.943,5,-8.843,1,0.0768,0.149,0.877,0.785,0.332,113.727,4
106,Morning Bell (Live In Oxford),I Might Be Wrong,Radiohead,2001,"['alternative rock', 'art rock', 'melancholia', 'oxford indie', 'permanent wave', 'rock']",254066,33,0.519,0.8,2,-7.207,1,0.0389,0.449,0.27,0.968,0.341,144.533,5
107,Like Spinning Plates (Live),I Might Be Wrong,Radiohead,2001,"['alternative rock', 'art rock', 'melancholia', 'oxford indie', 'permanent wave', 'rock']",232800,41,0.277,0.384,1,-9.853,1,0.035,0.807,0.0134,0.97,0.0997,141.637,4
108,Idioteque (Live In Oxford),I Might Be Wrong,Radiohead,2001,"['alternative rock', 'art rock', 'melancholia', 'oxford indie', 'permanent wave', 'rock']",264840,36,0.493,0.979,3,-6.132,1,0.189,0.211,0.0,0.963,0.322,146.078,3
109,Everything In Its Right Place (Live In France),I Might Be Wrong,Radiohead,2001,"['alternative rock', 'art rock', 'melancholia', 'oxford indie', 'permanent wave', 'rock']",462800,35,0.346,0.534,5,-12.425,0,0.0383,0.678,0.284,0.724,0.209,127.325,5
110,Dollars & Cents (Live),I Might Be Wrong,Radiohead,2001,"['alternative rock', 'art rock', 'melancholia', 'oxford indie', 'permanent wave', 'rock']",313000,31,0.261,0.71,6,-10.308,0,0.0345,0.343,0.162,0.901,0.237,139.097,4
111,True Love Waits (Live In Oslo),I Might Be Wrong,Radiohead,2001,"['alternative rock', 'art rock', 'melancholia', 'oxford indie', 'permanent wave', 'rock']",304920,52,0.374,0.483,5,-8.821,1,0.0367,0.455,0.00298,0.689,0.0639,113.565,5
112,Everything In Its Right Place,Kid A,Radiohead,2000-10-01,"['alternative rock', 'art rock', 'melancholia', 'oxford indie', 'permanent wave', 'rock']",251426,62,0.293,0.462,5,-11.412,0,0.0453,0.699,0.0444,0.0954,0.0623,124.004,5
113,Kid A,Kid A,Radiohead,2000-10-01,"['alternative rock', 'art rock', 'melancholia', 'oxford indie', 'permanent wave', 'rock']",284506,55,0.63,0.429,5,-15.54,1,0.0356,0.261,0.85,0.309,0.168,112.93,4
114,The National Anthem,Kid A,Radiohead,2000-10-01,"['alternative rock', 'art rock', 'melancholia', 'oxford indie', 'permanent wave', 'rock']",351693,58,0.486,0.754,2,-8.552,1,0.0378,0.00237,0.858,0.224,0.387,91.52,4
115,How To Disappear Completely,Kid A,Radiohead,2000-10-01,"['alternative rock', 'art rock', 'melancholia', 'oxford indie', 'permanent wave', 'rock']",356333,61,0.168,0.302,6,-11.645,0,0.0344,0.315,0.79,0.11,0.205,102.041,4
116,Treefingers,Kid A,Radiohead,2000-10-01,"['alternative rock', 'art rock', 'melancholia', 'oxford indie', 'permanent wave', 'rock']",222600,55,0.157,0.145,6,-21.359,1,0.0354,0.827,0.886,0.109,0.0635,138.305,3
117,Optimistic,Kid A,Radiohead,2000-10-01,"['alternative rock', 'art rock', 'melancholia', 'oxford indie', 'permanent wave', 'rock']",315973,53,0.403,0.757,7,-9.931,0,0.0371,0.0496,0.848,0.305,0.573,157.957,4
118,In Limbo,Kid A,Radiohead,2000-10-01,"['alternative rock', 'art rock', 'melancholia', 'oxford indie', 'permanent wave', 'rock']",211000,50,0.375,0.634,0,-10.543,1,0.0317,0.674,0.828,0.135,0.502,89.752,4
119,Idioteque,Kid A,Radiohead,2000-10-01,"['alternative rock', 'art rock', 'melancholia', 'oxford indie', 'permanent wave', 'rock']",309093,59,0.615,0.931,3,-7.8,1,0.24,0.0352,2.37e-05,0.0914,0.53,137.544,3
120,Morning Bell,Kid A,Radiohead,2000-10-01,"['alternative rock', 'art rock', 'melancholia', 'oxford indie', 'permanent wave', 'rock']",275800,50,0.645,0.462,2,-12.124,1,0.0319,0.719,0.291,0.34,0.391,142.137,5
121,Motion Picture Soundtrack,Kid A,Radiohead,2000-10-01,"['alternative rock', 'art rock', 'melancholia', 'oxford indie', 'permanent wave', 'rock']",200482,54,0.134,0.129,7,-16.128,1,0.0341,0.921,0.697,0.13,0.0435,93.668,4
122,Untitled,Kid A,Radiohead,2000-10-01,"['alternative rock', 'art rock', 'melancholia', 'oxford indie', 'permanent wave', 'rock']",52694,46,0.327,0.225,7,-16.341,1,0.067,0.992,0.813,0.106,0.0766,63.422,3
123,Airbag,OK Computer,Radiohead,1997-05-28,"['alternative rock', 'art rock', 'melancholia', 'oxford indie', 'permanent wave', 'rock']",287880,58,0.306,0.872,2,-7.313,1,0.05,0.00792,0.8,0.261,0.648,167.946,4
124,Paranoid Android,OK Computer,Radiohead,1997-05-28,"['alternative rock', 'art rock', 'melancholia', 'oxford indie', 'permanent wave', 'rock']",387213,67,0.252,0.849,5,-6.501,1,0.0581,0.0377,0.00592,0.0545,0.194,163.704,4
125,Subterranean Homesick Alien,OK Computer,Radiohead,1997-05-28,"['alternative rock', 'art rock', 'melancholia', 'oxford indie', 'permanent wave', 'rock']",267693,59,0.316,0.592,0,-8.916,1,0.0296,0.0498,0.00139,0.103,0.32,150.537,3
126,Exit Music (For a Film),OK Computer,Radiohead,1997-05-28,"['alternative rock', 'art rock', 'melancholia', 'oxford indie', 'permanent wave', 'rock']",267186,67,0.293,0.276,7,-11.353,1,0.0351,0.229,0.119,0.167,0.196,121.603,4
127,Let Down,OK Computer,Radiohead,1997-05-28,"['alternative rock', 'art rock', 'melancholia', 'oxford indie', 'permanent wave', 'rock']",299560,60,0.352,0.674,9,-9.018,1,0.031,0.000124,0.12,0.18,0.145,102.489,4
128,Karma Police,OK Computer,Radiohead,1997-05-28,"['alternative rock', 'art rock', 'melancholia', 'oxford indie', 'permanent wave', 'rock']",264066,74,0.36,0.505,7,-9.129,1,0.026,0.0626,9.22e-05,0.172,0.317,74.807,4
129,Fitter Happier,OK Computer,Radiohead,1997-05-28,"['alternative rock', 'art rock', 'melancholia', 'oxford indie', 'permanent wave', 'rock']",117333,51,0.432,0.391,9,-14.99,1,0.242,0.813,0.00363,0.155,0.744,123.538,4
130,Electioneering,OK Computer,Radiohead,1997-05-28,"['alternative rock', 'art rock', 'melancholia', 'oxford indie', 'permanent wave', 'rock']",230626,53,0.185,0.889,9,-5.491,0,0.0743,0.00267,0.0981,0.291,0.331,77.555,4
131,Climbing Up the Walls,OK Computer,Radiohead,1997-05-28,"['alternative rock', 'art rock', 'melancholia', 'oxford indie', 'permanent wave', 'rock']",285200,55,0.172,0.655,11,-7.476,0,0.042,0.0971,0.128,0.195,0.221,78.653,4
132,No Surprises,OK Computer,Radiohead,1997-05-28,"['alternative rock', 'art rock', 'melancholia', 'oxford indie', 'permanent wave', 'rock']",229120,71,0.255,0.393,5,-10.654,1,0.0278,0.0577,0.00361,0.113,0.118,76.426,4
133,Lucky,OK Computer,Radiohead,1997-05-28,"['alternative rock', 'art rock', 'melancholia', 'oxford indie', 'permanent wave', 'rock']",258813,57,0.206,0.4,11,-9.813,0,0.0324,0.053,0.638,0.111,0.196,133.442,4
134,The Tourist,OK Computer,Radiohead,1997-05-28,"['alternative rock', 'art rock', 'melancholia', 'oxford indie', 'permanent wave', 'rock']",326533,53,0.241,0.295,4,-8.571,1,0.0319,0.224,0.0328,0.11,0.0398,114.759,5
135,Planet Telex,The Bends,Radiohead,1995-03-28,"['alternative rock', 'art rock', 'melancholia', 'oxford indie', 'permanent wave', 'rock']",259200,55,0.429,0.88,9,-8.013,0,0.109,0.0206,0.698,0.607,0.255,148.965,3
136,The Bends,The Bends,Radiohead,1995-03-28,"['alternative rock', 'art rock', 'melancholia', 'oxford indie', 'permanent wave', 'rock']",246200,55,0.288,0.757,0,-8.065,1,0.0652,0.0117,0.14,0.363,0.311,89.694,4
137,High And Dry,The Bends,Radiohead,1995-03-28,"['alternative rock', 'art rock', 'melancholia', 'oxford indie', 'permanent wave', 'rock']",257480,73,0.418,0.383,4,-11.782,1,0.0257,0.0718,0.0177,0.0896,0.352,87.773,4
138,Fake Plastic Trees,The Bends,Radiohead,1995-03-28,"['alternative rock', 'art rock', 'melancholia', 'oxford indie', 'permanent wave', 'rock']",290706,70,0.454,0.229,2,-12.592,1,0.0297,0.167,0.102,0.202,0.134,73.552,4
139,Bones,The Bends,Radiohead,1995-03-28,"['alternative rock', 'art rock', 'melancholia', 'oxford indie', 'permanent wave', 'rock']",189000,52,0.358,0.705,2,-8.284,1,0.0517,0.00154,0.606,0.168,0.419,101.429,4
140,(Nice Dream),The Bends,Radiohead,1995-03-28,"['alternative rock', 'art rock', 'melancholia', 'oxford indie', 'permanent wave', 'rock']",233226,55,0.262,0.567,9,-11.075,1,0.0344,0.161,0.263,0.225,0.377,172.857,3
141,Just,The Bends,Radiohead,1995-03-28,"['alternative rock', 'art rock', 'melancholia', 'oxford indie', 'permanent wave', 'rock']",234800,61,0.291,0.767,7,-6.913,0,0.0862,0.000401,0.0119,0.0763,0.358,175.699,4
142,My Iron Lung,The Bends,Radiohead,1995-03-28,"['alternative rock', 'art rock', 'melancholia', 'oxford indie', 'permanent wave', 'rock']",276426,55,0.242,0.859,0,-8.4,1,0.0663,0.056,0.116,0.38,0.671,96.929,4
143,Bullet Proof ... I Wish I Was,The Bends,Radiohead,1995-03-28,"['alternative rock', 'art rock', 'melancholia', 'oxford indie', 'permanent wave', 'rock']",208733,53,0.448,0.359,7,-13.559,1,0.0288,0.78,0.671,0.0753,0.0773,80.912,4
144,Black Star,The Bends,Radiohead,1995-03-28,"['alternative rock', 'art rock', 'melancholia', 'oxford indie', 'permanent wave', 'rock']",247040,55,0.288,0.555,7,-7.431,1,0.0401,0.00312,0.0513,0.27,0.307,158.699,4
145,Sulk,The Bends,Radiohead,1995-03-28,"['alternative rock', 'art rock', 'melancholia', 'oxford indie', 'permanent wave', 'rock']",222960,51,0.167,0.636,9,-7.4,1,0.0382,0.00397,0.228,0.106,0.671,97.293,3
146,Street Spirit (Fade Out),The Bends,Radiohead,1995-03-28,"['alternative rock', 'art rock', 'melancholia', 'oxford indie', 'permanent wave', 'rock']",253853,62,0.488,0.453,4,-11.562,0,0.0304,0.314,0.691,0.179,0.129,138.077,4
147,You,Pablo Honey,Radiohead,1993-02-22,"['alternative rock', 'art rock', 'melancholia', 'oxford indie', 'permanent wave', 'rock']",208666,52,0.223,0.706,9,-12.012,1,0.0581,0.000945,0.0068,0.109,0.297,112.889,3
148,Creep,Pablo Honey,Radiohead,1993-02-22,"['alternative rock', 'art rock', 'melancholia', 'oxford indie', 'permanent wave', 'rock']",238640,82,0.515,0.43,7,-9.935,1,0.0369,0.0102,0.000141,0.129,0.104,91.841,4
149,How Do You?,Pablo Honey,Radiohead,1993-02-22,"['alternative rock', 'art rock', 'melancholia', 'oxford indie', 'permanent wave', 'rock']",132173,46,0.185,0.964,9,-8.316,1,0.084,0.000659,0.879,0.107,0.239,147.362,4
150,Stop Whispering,Pablo Honey,Radiohead,1993-02-22,"['alternative rock', 'art rock', 'melancholia', 'oxford indie', 'permanent wave', 'rock']",325626,46,0.212,0.696,2,-10.059,1,0.0472,0.000849,0.0165,0.129,0.298,122.37,4
151,Thinking About You,Pablo Honey,Radiohead,1993-02-22,"['alternative rock', 'art rock', 'melancholia', 'oxford indie', 'permanent wave', 'rock']",161533,49,0.364,0.37,7,-14.134,1,0.0331,0.704,7.71e-06,0.0883,0.421,103.44,4
152,Anyone Can Play Guitar,Pablo Honey,Radiohead,1993-02-22,"['alternative rock', 'art rock', 'melancholia', 'oxford indie', 'permanent wave', 'rock']",217800,50,0.294,0.813,4,-10.772,0,0.0547,0.000101,0.000756,0.333,0.554,150.845,4
153,Ripcord,Pablo Honey,Radiohead,1993-02-22,"['alternative rock', 'art rock', 'melancholia', 'oxford indie', 'permanent wave', 'rock']",189733,43,0.256,0.906,2,-10.436,1,0.0548,1.93e-05,0.366,0.322,0.254,137.949,4
154,Vegetable,Pablo Honey,Radiohead,1993-02-22,"['alternative rock', 'art rock', 'melancholia', 'oxford indie', 'permanent wave', 'rock']",192666,43,0.384,0.717,6,-8.868,1,0.0339,0.00281,0.569,0.187,0.42,105.852,4
155,Prove Yourself,Pablo Honey,Radiohead,1993-02-22,"['alternative rock', 'art rock', 'melancholia', 'oxford indie', 'permanent wave', 'rock']",145373,43,0.25,0.62,0,-10.915,1,0.0611,0.000849,0.0848,0.175,0.319,114.098,4
156,I Can't,Pablo Honey,Radiohead,1993-02-22,"['alternative rock', 'art rock', 'melancholia', 'oxford indie', 'permanent wave', 'rock']",253093,43,0.284,0.825,7,-10.256,1,0.0595,0.00968,0.3,0.118,0.276,106.108,4
157,Lurgee,Pablo Honey,Radiohead,1993-02-22,"['alternative rock', 'art rock', 'melancholia', 'oxford indie', 'permanent wave', 'rock']",187866,43,0.42,0.548,0,-12.298,1,0.0268,0.000135,0.399,0.111,0.408,101.9,4
158,Blow Out,Pablo Honey,Radiohead,1993-02-22,"['alternative rock', 'art rock', 'melancholia', 'oxford indie', 'permanent wave', 'rock']",282066,45,0.284,0.719,11,-10.739,0,0.0506,0.000465,0.382,0.24,0.289,141.539,4
159,Ill Wind,Ill Wind,Radiohead,2019-01-11,"['alternative rock', 'art rock', 'melancholia', 'oxford indie', 'permanent wave', 'rock']",254113,47,0.514,0.493,5,-11.104,0,0.0275,0.866,0.537,0.0982,0.215,146.954,4
160,Supercollider,Supercollider / The Butcher,Radiohead,2016-11-18,"['alternative rock', 'art rock', 'melancholia', 'oxford indie', 'permanent wave', 'rock']",421507,36,0.502,0.342,7,-16.705,1,0.0423,0.0337,0.806,0.114,0.266,181.014,4
161,The Butcher,Supercollider / The Butcher,Radiohead,2016-11-18,"['alternative rock', 'art rock', 'melancholia', 'oxford indie', 'permanent wave', 'rock']",275468,44,0.83,0.569,11,-14.666,0,0.0877,0.255,0.814,0.0826,0.703,118.665,4
162,Harry Patch (In Memory Of),Harry Patch (In Memory Of),Radiohead,2016-11-11,"['alternative rock', 'art rock', 'melancholia', 'oxford indie', 'permanent wave', 'rock']",332840,44,0.0637,0.204,7,-15.124,1,0.0398,0.779,0.209,0.383,0.0559,69.495,5
163,Spectre,Spectre,Radiohead,2016-05-07,"['alternative rock', 'art rock', 'melancholia', 'oxford indie', 'permanent wave', 'rock']",199333,52,0.154,0.447,4,-8.797,0,0.0292,0.557,0.912,0.108,0.12,149.423,3
164,Daydreaming,Daydreaming,Radiohead,2016-05-06,"['alternative rock', 'art rock', 'melancholia', 'oxford indie', 'permanent wave', 'rock']",384438,40,0.299,0.263,9,-13.207,0,0.0323,0.968,0.857,0.126,0.113,137.848,3
165,Burn the Witch,Burn the Witch,Radiohead,2016-05-03,"['alternative rock', 'art rock', 'melancholia', 'oxford indie', 'permanent wave', 'rock']",220609,43,0.541,0.847,11,-6.52,1,0.0297,0.303,0.271,0.109,0.62,148.937,4
166,The Daily Mail,The Daily Mail / Staircase,Radiohead,2011-12-19,"['alternative rock', 'art rock', 'melancholia', 'oxford indie', 'permanent wave', 'rock']",217797,52,0.36,0.362,10,-7.102,1,0.0385,0.652,0.000128,0.107,0.159,116.846,4
167,Staircase,The Daily Mail / Staircase,Radiohead,2011-12-19,"['alternative rock', 'art rock', 'melancholia', 'oxford indie', 'permanent wave', 'rock']",271529,40,0.367,0.877,9,-8.102,0,0.033,0.00814,0.748,0.205,0.807,129.859,4
168,Bloom - Jamie xx Rework Part 3,TKOL RMX 8,Radiohead,2011-11-18,"['alternative rock', 'art rock', 'melancholia', 'oxford indie', 'permanent wave', 'rock']",467974,30,0.616,0.779,9,-7.363,0,0.0534,0.0219,0.687,0.312,0.191,126.675,4
169,Separator - Anstam RMX II,TKOL RMX 8,Radiohead,2011-11-18,"['alternative rock', 'art rock', 'melancholia', 'oxford indie', 'permanent wave', 'rock']",235363,19,0.559,0.611,1,-8.209,1,0.138,0.0761,0.756,0.377,0.224,139.053,4
170,Morning Mr Magpie - Nathan Fake Harshdub RMX,TKOL RMX 8,Radiohead,2011-11-18,"['alternative rock', 'art rock', 'melancholia', 'oxford indie', 'permanent wave', 'rock']",525389,18,0.687,0.739,7,-7.512,0,0.492,0.282,0.0316,0.103,0.325,139.92,4
171,These Are My Twisted Words,These Are My Twisted Words,Radiohead,2009,"['alternative rock', 'art rock', 'melancholia', 'oxford indie', 'permanent wave', 'rock']",331746,37,0.48,0.882,5,-10.114,1,0.0501,0.474,0.775,0.186,0.351,131.111,4
172,I Want None of This,I Want None of This,Radiohead,2005-09-09,"['alternative rock', 'art rock', 'melancholia', 'oxford indie', 'permanent wave', 'rock']",193653,43,0.321,0.0998,2,-13.227,0,0.0346,0.99,0.0201,0.107,0.0644,76.259,3
173,2 + 2 = 5 (Live at Earls Court),Com Lag: 2+2=5,Radiohead,2004-03-24,"['alternative rock', 'art rock', 'melancholia', 'oxford indie', 'permanent wave', 'rock']",215266,31,0.306,0.817,5,-8.073,0,0.0561,0.0559,0.000658,0.357,0.349,148.168,4
174,Remyxomatosis (Cristian Vogel RMX),Com Lag: 2+2=5,Radiohead,2004-03-24,"['alternative rock', 'art rock', 'melancholia', 'oxford indie', 'permanent wave', 'rock']",309920,25,0.614,0.758,11,-11.014,0,0.0401,0.0195,0.615,0.395,0.121,136.394,4
175,I Will (Los Angeles Version),Com Lag: 2+2=5,Radiohead,2004-03-24,"['alternative rock', 'art rock', 'melancholia', 'oxford indie', 'permanent wave', 'rock']",133240,33,0.363,0.277,1,-13.56,1,0.0279,0.484,0.148,0.0966,0.254,163.042,4
176,Paperbag Writer,Com Lag: 2+2=5,Radiohead,2004-03-24,"['alternative rock', 'art rock', 'melancholia', 'oxford indie', 'permanent wave', 'rock']",238280,30,0.765,0.493,1,-9.496,1,0.0492,0.111,0.164,0.138,0.682,102.525,4
177,I Am a Wicked Child,Com Lag: 2+2=5,Radiohead,2004-03-24,"['alternative rock', 'art rock', 'melancholia', 'oxford indie', 'permanent wave', 'rock']",186333,30,0.411,0.575,0,-8.334,1,0.0337,0.606,0.699,0.137,0.692,203.652,4
178,I Am Citizen Insane,Com Lag: 2+2=5,Radiohead,2004-03-24,"['alternative rock', 'art rock', 'melancholia', 'oxford indie', 'permanent wave', 'rock']",212600,29,0.723,0.928,7,-8.786,1,0.0663,0.689,0.819,0.107,0.562,124.02,5
179,Skttrbrain (Four Tet Remix),Com Lag: 2+2=5,Radiohead,2004-03-24,"['alternative rock', 'art rock', 'melancholia', 'oxford indie', 'permanent wave', 'rock']",265106,27,0.629,0.841,7,-7.748,1,0.0822,0.062,0.0196,0.166,0.597,126.984,4
180,Gagging Order,Com Lag: 2+2=5,Radiohead,2004-03-24,"['alternative rock', 'art rock', 'melancholia', 'oxford indie', 'permanent wave', 'rock']",216000,47,0.307,0.267,10,-13.797,1,0.0291,0.847,0.282,0.114,0.169,160.324,4
181,Fog (Again) [Live],Com Lag: 2+2=5,Radiohead,2004-03-24,"['alternative rock', 'art rock', 'melancholia', 'oxford indie', 'permanent wave', 'rock']",138400,35,0.284,0.304,2,-14.526,1,0.0318,0.965,0.46,0.817,0.196,133.245,3
182,Where Bluebirds Fly,Com Lag: 2+2=5,Radiohead,2004-03-24,"['alternative rock', 'art rock', 'melancholia', 'oxford indie', 'permanent wave', 'rock']",271253,27,0.554,0.573,6,-9.961,0,0.17,0.222,0.912,0.0879,0.746,177.99,4
183,The Gloaming - The 33.33333 Remix,The Gloaming (The 33.33333 Remix),Radiohead,2003-08-18,"['alternative rock', 'art rock', 'melancholia', 'oxford indie', 'permanent wave', 'rock']",213013,18,0.476,0.738,2,-14.535,1,0.0507,0.00653,0.938,0.175,0.187,133.306,4
184,Knives Out,Knives Out,Radiohead,2001-08-06,"['alternative rock', 'art rock', 'melancholia', 'oxford indie', 'permanent wave', 'rock']",254866,28,0.433,0.675,2,-6.702,0,0.0337,0.0911,0.293,0.159,0.184,137.268,4
185,Cuttooth,Knives Out,Radiohead,2001-08-06,"['alternative rock', 'art rock', 'melancholia', 'oxford indie', 'permanent wave', 'rock']",323560,30,0.337,0.866,6,-8.07,0,0.0507,0.0259,0.467,0.0864,0.413,141.569,4
186,Life In A Glasshouse (Full Length Version),Knives Out,Radiohead,2001-08-06,"['alternative rock', 'art rock', 'melancholia', 'oxford indie', 'permanent wave', 'rock']",308040,31,0.305,0.324,5,-8.94,1,0.0278,0.869,0.0388,0.108,0.082,60.021,4
187,Worrywort,Knives Out,Radiohead,2001-08-06,"['alternative rock', 'art rock', 'melancholia', 'oxford indie', 'permanent wave', 'rock']",277666,30,0.67,0.527,0,-11.042,1,0.0309,0.88,0.779,0.0969,0.771,125.415,4
188,Fog,Knives Out,Radiohead,2001-08-06,"['alternative rock', 'art rock', 'melancholia', 'oxford indie', 'permanent wave', 'rock']",244133,33,0.536,0.607,9,-10.106,1,0.037,0.0125,0.895,0.112,0.097,139.903,4
189,Pyramid Song,Pyramid Song,Radiohead,2001-05-21,"['alternative rock', 'art rock', 'melancholia', 'oxford indie', 'permanent wave', 'rock']",288733,32,0.127,0.335,11,-8.298,0,0.0329,0.786,0.427,0.111,0.0686,77.078,4
190,The Amazing Sounds of Orgy,Pyramid Song,Radiohead,2001-05-21,"['alternative rock', 'art rock', 'melancholia', 'oxford indie', 'permanent wave', 'rock']",218493,33,0.323,0.628,1,-11.727,0,0.101,0.243,0.39,0.165,0.205,124.587,4
191,Trans-Atlantic Drawl,Pyramid Song,Radiohead,2001-05-21,"['alternative rock', 'art rock', 'melancholia', 'oxford indie', 'permanent wave', 'rock']",181866,26,0.162,0.593,6,-5.248,0,0.053,0.221,0.936,0.373,0.0322,140.7,3
192,Fast-Track,Pyramid Song,Radiohead,2001-05-21,"['alternative rock', 'art rock', 'melancholia', 'oxford indie', 'permanent wave', 'rock']",197640,25,0.462,0.905,1,-7.108,0,0.19,0.0569,0.867,0.122,0.403,103.465,4
193,Kinetic,Pyramid Song,Radiohead,2001-05-21,"['alternative rock', 'art rock', 'melancholia', 'oxford indie', 'permanent wave', 'rock']",246106,27,0.583,0.312,6,-12.573,1,0.0358,0.797,0.313,0.105,0.164,116.78,4
194,Treefingers - Extended Version,Treefingers (Extended Version),Radiohead,2000-10-02,"['alternative rock', 'art rock', 'melancholia', 'oxford indie', 'permanent wave', 'rock']",285600,24,0.168,0.18,6,-20.953,1,0.0384,0.821,0.847,0.104,0.0386,131.681,3
195,No Surprises,No Surprises,Radiohead,1998-01-12,"['alternative rock', 'art rock', 'melancholia', 'oxford indie', 'permanent wave', 'rock']",229120,31,0.255,0.393,5,-10.654,1,0.0278,0.0577,0.00361,0.113,0.118,76.426,4
196,Palo Alto,No Surprises,Radiohead,1998-01-12,"['alternative rock', 'art rock', 'melancholia', 'oxford indie', 'permanent wave', 'rock']",223933,28,0.414,0.622,2,-11.205,1,0.0562,0.00826,0.00184,0.248,0.371,116.973,4
197,How I Made My Millions,No Surprises,Radiohead,1998-01-12,"['alternative rock', 'art rock', 'melancholia', 'oxford indie', 'permanent wave', 'rock']",189146,27,0.412,0.0894,9,-19.741,1,0.0283,0.986,0.665,0.134,0.267,88.595,4
198,Karma Police,Karma Police,Radiohead,1997-08-25,"['alternative rock', 'art rock', 'melancholia', 'oxford indie', 'permanent wave', 'rock']",264066,30,0.36,0.505,7,-9.129,1,0.026,0.0626,9.22e-05,0.172,0.317,74.807,4
199,Meeting in the Aisle,Karma Police,Radiohead,1997-08-25,"['alternative rock', 'art rock', 'melancholia', 'oxford indie', 'permanent wave', 'rock']",189706,26,0.549,0.693,4,-7.451,1,0.0254,0.00799,0.474,0.177,0.137,100.983,4
200,Lull,Karma Police,Radiohead,1997-08-25,"['alternative rock', 'art rock', 'melancholia', 'oxford indie', 'permanent wave', 'rock']",149026,24,0.45,0.532,0,-9.383,1,0.0305,0.756,0.000451,0.164,0.186,106.72,4
201,Climbing Up the Walls (Zero 7 Mix),Karma Police,Radiohead,1997-08-25,"['alternative rock', 'art rock', 'melancholia', 'oxford indie', 'permanent wave', 'rock']",319186,35,0.66,0.512,11,-9.925,0,0.0366,0.00661,0.698,0.898,0.346,75.001,4
202,Climbing Up the Walls (Fila Brazilia Mix),Karma Police,Radiohead,1997-08-25,"['alternative rock', 'art rock', 'melancholia', 'oxford indie', 'permanent wave', 'rock']",385680,24,0.731,0.305,4,-14.321,1,0.267,0.0103,0.105,0.0829,0.605,149.816,4
203,Paranoid Android,Paranoid Android,Radiohead,1997-05-26,"['alternative rock', 'art rock', 'melancholia', 'oxford indie', 'permanent wave', 'rock']",387213,32,0.252,0.849,5,-6.501,1,0.0581,0.0377,0.00592,0.0545,0.194,163.704,4
204,Polyethylene (Parts 1 & 2),Paranoid Android,Radiohead,1997-05-26,"['alternative rock', 'art rock', 'melancholia', 'oxford indie', 'permanent wave', 'rock']",262666,30,0.194,0.424,2,-9.018,1,0.0336,0.00042,0.000823,0.33,0.253,149.958,4
205,Pearly,Paranoid Android,Radiohead,1997-05-26,"['alternative rock', 'art rock', 'melancholia', 'oxford indie', 'permanent wave', 'rock']",213133,29,0.366,0.758,9,-9.094,0,0.0418,5.03e-05,0.106,0.124,0.334,116.895,4
206,A Reminder,Paranoid Android,Radiohead,1997-05-26,"['alternative rock', 'art rock', 'melancholia', 'oxford indie', 'permanent wave', 'rock']",231400,25,0.287,0.391,9,-14.139,1,0.0281,0.28,0.358,0.197,0.176,77.257,3
207,Melatonin,Paranoid Android,Radiohead,1997-05-26,"['alternative rock', 'art rock', 'melancholia', 'oxford indie', 'permanent wave', 'rock']",129400,24,0.242,0.359,2,-13.482,1,0.0455,0.329,0.0706,0.097,0.0498,125.529,4
208,Let Down,Paranoid Android,Radiohead,1997-05-26,"['alternative rock', 'art rock', 'melancholia', 'oxford indie', 'permanent wave', 'rock']",299560,24,0.352,0.674,9,-9.018,1,0.031,0.000124,0.12,0.18,0.145,102.489,4
209,Talk Show Host - Nellee Hooper Mix,Talk Show Host (Nellee Hooper Mix),Radiohead,1996-10-29,"['alternative rock', 'art rock', 'melancholia', 'oxford indie', 'permanent wave', 'rock']",257226,27,0.44,0.651,0,-11.434,0,0.0538,0.334,0.0284,0.0828,0.501,177.127,4
210,Street Spirit (Fade Out),Street Spirit (Fade Out),Radiohead,1996-01-22,"['alternative rock', 'art rock', 'melancholia', 'oxford indie', 'permanent wave', 'rock']",253853,38,0.488,0.453,4,-11.562,0,0.0304,0.314,0.691,0.179,0.129,138.077,4
211,Talk Show Host,Street Spirit (Fade Out),Radiohead,1996-01-22,"['alternative rock', 'art rock', 'melancholia', 'oxford indie', 'permanent wave', 'rock']",281000,56,0.535,0.479,5,-14.112,0,0.0311,0.277,0.0285,0.139,0.504,88.841,4
212,Bishop's Robes,Street Spirit (Fade Out),Radiohead,1996-01-22,"['alternative rock', 'art rock', 'melancholia', 'oxford indie', 'permanent wave', 'rock']",205040,32,0.415,0.317,0,-15.729,1,0.0269,0.598,0.07,0.0908,0.209,91.025,4
213,Banana Co,Street Spirit (Fade Out),Radiohead,1996-01-22,"['alternative rock', 'art rock', 'melancholia', 'oxford indie', 'permanent wave', 'rock']",141680,36,0.325,0.478,7,-9.373,1,0.0322,0.136,0.00412,0.0858,0.341,81.039,4
214,Molasses,Street Spirit (Fade Out),Radiohead,1996-01-22,"['alternative rock', 'art rock', 'melancholia', 'oxford indie', 'permanent wave', 'rock']",147573,29,0.39,0.283,2,-14.74,0,0.0302,0.632,8.06e-05,0.143,0.452,135.304,3
215,Just,Just,Radiohead,1995-08-07,"['alternative rock', 'art rock', 'melancholia', 'oxford indie', 'permanent wave', 'rock']",232280,27,0.268,0.744,10,-6.634,0,0.0874,0.000389,0.0156,0.0774,0.383,175.408,4
216,Planet Telex (Karma Sunra Mix),Just,Radiohead,1995-08-07,"['alternative rock', 'art rock', 'melancholia', 'oxford indie', 'permanent wave', 'rock']",323200,18,0.584,0.575,4,-11.879,1,0.0388,0.00621,0.694,0.177,0.545,146.023,4
217,Killer Cars (Mogadon Version),Just,Radiohead,1995-08-07,"['alternative rock', 'art rock', 'melancholia', 'oxford indie', 'permanent wave', 'rock']",239375,20,0.347,0.821,7,-7.823,1,0.0474,0.00731,0.000705,0.368,0.534,81.24,4
218,High And Dry,High & Dry / Planet Telex,Radiohead,1995-02-27,"['alternative rock', 'art rock', 'melancholia', 'oxford indie', 'permanent wave', 'rock']",257480,30,0.418,0.383,4,-11.782,1,0.0257,0.0718,0.0177,0.0896,0.352,87.773,4
219,Planet Telex,High & Dry / Planet Telex,Radiohead,1995-02-27,"['alternative rock', 'art rock', 'melancholia', 'oxford indie', 'permanent wave', 'rock']",259200,20,0.429,0.88,9,-8.013,0,0.109,0.0206,0.698,0.607,0.255,148.965,3
220,Maquiladora,High & Dry / Planet Telex,Radiohead,1995-02-27,"['alternative rock', 'art rock', 'melancholia', 'oxford indie', 'permanent wave', 'rock']",206866,30,0.352,0.657,4,-9.421,1,0.0418,0.00216,0.0686,0.34,0.267,135.337,4
221,Planet Telex (Hexidecimal Mix),High & Dry / Planet Telex,Radiohead,1995-02-27,"['alternative rock', 'art rock', 'melancholia', 'oxford indie', 'permanent wave', 'rock']",404800,21,0.664,0.651,9,-11.148,1,0.0382,0.00112,0.886,0.194,0.373,145.356,4
222,Killer Cars,High & Dry / Planet Telex,Radiohead,1995-02-27,"['alternative rock', 'art rock', 'melancholia', 'oxford indie', 'permanent wave', 'rock']",183893,29,0.213,0.918,7,-6.231,1,0.0628,0.000154,0.61,0.313,0.417,175.594,4
223,Planet Telex (L.F.O. DJ Mix),High & Dry / Planet Telex,Radiohead,1995-02-27,"['alternative rock', 'art rock', 'melancholia', 'oxford indie', 'permanent wave', 'rock']",280240,17,0.676,0.572,4,-13.377,1,0.0653,0.00103,0.686,0.173,0.112,150.011,4
224,Fake Plastic Trees,Fake Plastic Trees,Radiohead,1995,"['alternative rock', 'art rock', 'melancholia', 'oxford indie', 'permanent wave', 'rock']",290706,32,0.454,0.229,2,-12.592,1,0.0297,0.167,0.102,0.202,0.134,73.552,4
225,India Rubber,Fake Plastic Trees,Radiohead,1995,"['alternative rock', 'art rock', 'melancholia', 'oxford indie', 'permanent wave', 'rock']",206320,31,0.589,0.655,9,-14.367,1,0.0577,0.0842,0.0161,0.215,0.526,137.581,4
226,How Can You Be Sure?,Fake Plastic Trees,Radiohead,1995,"['alternative rock', 'art rock', 'melancholia', 'oxford indie', 'permanent wave', 'rock']",261946,32,0.44,0.416,4,-13.792,1,0.0261,0.293,0.619,0.115,0.38,77.192,4
227,My Iron Lung,My Iron Lung,Radiohead,1994-09-26,"['alternative rock', 'art rock', 'melancholia', 'oxford indie', 'permanent wave', 'rock']",276426,46,0.242,0.859,0,-8.4,1,0.0663,0.056,0.116,0.38,0.671,96.929,4
228,The Trickster,My Iron Lung,Radiohead,1994-09-26,"['alternative rock', 'art rock', 'melancholia', 'oxford indie', 'permanent wave', 'rock']",282293,34,0.338,0.829,7,-6.79,0,0.0306,0.00916,0.00213,0.072,0.694,145.728,4
229,Lewis (Mistreated),My Iron Lung,Radiohead,1994-09-26,"['alternative rock', 'art rock', 'melancholia', 'oxford indie', 'permanent wave', 'rock']",200080,28,0.378,0.885,9,-9.348,0,0.0551,0.0413,0.628,0.327,0.686,115.729,4
230,Punchdrunk Lovesick Singalong,My Iron Lung,Radiohead,1994-09-26,"['alternative rock', 'art rock', 'melancholia', 'oxford indie', 'permanent wave', 'rock']",281226,31,0.286,0.364,0,-12.584,1,0.0269,0.292,0.0541,0.0848,0.125,88.173,4
231,Permanent Daylight,My Iron Lung,Radiohead,1994-09-26,"['alternative rock', 'art rock', 'melancholia', 'oxford indie', 'permanent wave', 'rock']",169253,30,0.402,0.709,2,-11.246,1,0.0343,0.0845,0.942,0.0821,0.0776,139.451,4
232,Lozenge of Love,My Iron Lung,Radiohead,1994-09-26,"['alternative rock', 'art rock', 'melancholia', 'oxford indie', 'permanent wave', 'rock']",137226,29,0.229,0.158,7,-20.868,1,0.0358,0.918,0.343,0.123,0.185,105.172,4
233,You Never Wash Up After Yourself,My Iron Lung,Radiohead,1994-09-26,"['alternative rock', 'art rock', 'melancholia', 'oxford indie', 'permanent wave', 'rock']",104440,31,0.3,0.191,0,-20.209,1,0.0381,0.703,0.151,0.115,0.546,174.897,3
234,Anyone Can Play Guitar,Anyone Can Play Guitar,Radiohead,1993-01-25,"['alternative rock', 'art rock', 'melancholia', 'oxford indie', 'permanent wave', 'rock']",217800,24,0.294,0.813,4,-10.772,0,0.0547,0.000101,0.000756,0.333,0.554,150.845,4
235,Faithless the Wonder Boy,Anyone Can Play Guitar,Radiohead,1993-01-25,"['alternative rock', 'art rock', 'melancholia', 'oxford indie', 'permanent wave', 'rock']",253453,26,0.301,0.496,11,-14.003,0,0.0308,0.0743,0.261,0.513,0.305,95.965,4
236,Coke Babies,Anyone Can Play Guitar,Radiohead,1993-01-25,"['alternative rock', 'art rock', 'melancholia', 'oxford indie', 'permanent wave', 'rock']",179866,25,0.303,0.362,11,-13.897,0,0.0333,0.0903,0.837,0.105,0.0379,103.339,4
237,Creep,Creep,Radiohead,1992-09-21,"['alternative rock', 'art rock', 'melancholia', 'oxford indie', 'permanent wave', 'rock']",235666,45,0.532,0.344,7,-13.057,1,0.035,0.00563,0.000473,0.115,0.126,91.834,4
238,Inside My Head,Creep,Radiohead,1992-09-21,"['alternative rock', 'art rock', 'melancholia', 'oxford indie', 'permanent wave', 'rock']",191680,30,0.436,0.818,4,-11.472,0,0.0812,0.000547,0.0841,0.178,0.394,153.234,4
239,Million Dollar Question,Creep,Radiohead,1992-09-21,"['alternative rock', 'art rock', 'melancholia', 'oxford indie', 'permanent wave', 'rock']",198200,27,0.14,0.869,2,-11.682,1,0.12,0.000619,0.0501,0.0394,0.315,166.534,4
240,Yes I Am,Creep,Radiohead,1992-09-21,"['alternative rock', 'art rock', 'melancholia', 'oxford indie', 'permanent wave', 'rock']",265680,28,0.321,0.542,4,-14.542,1,0.03,0.000135,0.286,0.366,0.683,106.566,4
241,Blow Out (Remix),Creep,Radiohead,1992-09-21,"['alternative rock', 'art rock', 'melancholia', 'oxford indie', 'permanent wave', 'rock']",258546,27,0.3,0.608,11,-11.048,0,0.0394,0.0024,0.122,0.144,0.209,140.006,4
242,Prove Yourself - Drill Version,Drill EP,Radiohead,1992-05-05,"['alternative rock', 'art rock', 'melancholia', 'oxford indie', 'permanent wave', 'rock']",152973,41,0.369,0.528,0,-13.25,1,0.0312,0.00027,0.0752,0.107,0.476,108.632,4
243,Stupid Car,Drill EP,Radiohead,1992-05-05,"['alternative rock', 'art rock', 'melancholia', 'oxford indie', 'permanent wave', 'rock']",145560,26,0.19,0.0206,2,-20.702,1,0.0456,0.907,0.0,0.0827,0.0959,85.356,5
244,You - Drill Version,Drill EP,Radiohead,1992-05-05,"['alternative rock', 'art rock', 'melancholia', 'oxford indie', 'permanent wave', 'rock']",204400,24,0.46,0.522,9,-14.543,1,0.0292,0.00117,0.142,0.0959,0.251,112.088,3
245,Thinking About You - Drill Version,Drill EP,Radiohead,1992-05-05,"['alternative rock', 'art rock', 'melancholia', 'oxford indie', 'permanent wave', 'rock']",135586,22,0.407,0.872,7,-12.258,1,0.0459,0.00656,0.0142,0.187,0.533,120.364,4
